alert_sent_at,status_id,source_handle,tweet_date_text,tweet_url,best_text_source,best_text_is_truncated,is_probably_image_based,best_text
2026-07-02 19:28:51,2070648075643981987,@GeorgeRichards,"Jun 26, 2026",https://twitter.com/GameDayLines/status/2070648075643981987,oembed,False,False,"Paul Maurice said he’s thinking Brady Tkachuk starts off not with Matthew, but Sasha Barkov and Sam Reinhart.\nReinhart says there is a lot of excitement among the team.\n— George Richards (@GeorgeRichards)\nJune 26, 2026"
2026-07-02 19:28:51,2069450402811228584,@J_McPherson1126,"Jun 23, 2026",https://twitter.com/GameDayLines/status/2069450402811228584,oembed,False,False,"*Me reading into it...\nB. Tkachuk-Barkov-Reinhart\nVerhaeghe-Bennett-M. Tkachuk\nLuostarinen-Lundell-Marchand\nAt least to start\n— Jordan McPherson (@J_McPherson1126)\nJune 23, 2026"
2026-07-02 19:28:51,2069450393084653978,@J_McPherson1126,"Jun 23, 2026",https://twitter.com/GameDayLines/status/2069450393084653978,oembed,False,False,"Final nugget before I start writing: Zito and B. Tkachuk both talked about\n#FlaPanthers\nforward depth. Zito quipped to Brady that ""if Lundell's line starts a game and then Matthew, Benny and Carter go second, then you're on the third line.""\nRead into that how you want\n— Jordan McPherson (@J_McPherson1126)\nJune 23, 2026"
2026-07-02 19:28:51,2066333970506404285,@SinBinVegas,"Jun 14, 2026",https://twitter.com/GameDayLines/status/2066333970506404285,oembed,False,False,"Every time over the boards it's a new combination of forwards for VGK.\nHertl, Marner, and Stone on this latest one.\n— SinBin.vegas (@SinBinVegas)\nJune 15, 2026"
2026-07-02 19:28:51,2066307292216389838,@RyanHenkel_,"Jun 14, 2026",https://twitter.com/GameDayLines/status/2066307292216389838,oembed,False,False,"Canes SCF Game 6 line rushes:\nSvechnikov-Aho-Martinook\nHall-Stankoven-Blake\nEhlers-Staal-Jarvis\nCarrier-Jankowski-Robinson\nSlavin-Chatfield\nMiller-Walker\nGostisbehere-Nikishin\nBussi\n— Ryan Henkel (@RyanHenkel_)\nJune 14, 2026"
2026-07-02 19:28:51,2066307020077347135,@h_kirk6,"Jun 14, 2026",https://twitter.com/GameDayLines/status/2066307020077347135,oembed,False,False,"VGK lines and pairings before a win or go home Game 6:\nDorofeyev—Eichel—Stone\nBarbashev—Howden—Marner\nSissons—Hertl—R Smith\nC Smith—Dowd—Bowman\nMcNabb—Theodore\nHanifin—Andersson\nLauzon—Korczak\nHart\n— Hannah Kirkell (@h_kirk6)\nJune 14, 2026"
2026-07-02 19:28:51,2065824596859949255,,"Jun 13, 2026",https://twitter.com/GameDayLines/status/2065824596859949255,oembed,False,False,"CAR: Ehlers - Staal - Jarvis\nHall - Stankoven - Blake\nSvechnikov - Aho - Martinook\nCarrier - Jankowski - Robinson\nDeslauriers - Kotkaniemi\nSlavin - Chatfield\nMiller - Walker\nGostisbehere - Nikishin\nReilly\nhttps://t.co/gJxUOs30io\n— Game Day Lines (@GameDayLines)\nJune 13, 2026"
2026-07-02 19:28:51,2065220058964762911,@WaltRuff,"Jun 11, 2026",https://twitter.com/GameDayLines/status/2065220058964762911,oembed,False,False,"The\n#Canes\nduring warmups ahead of Game 5 of the Stanley Cup Final vs. VGK —\nSvechnikov - Aho - Martinook\nHall - Stankoven - Blake\nEhlers - Staal - Jarvis\nCarrier - Jankowski - Robinson\nSlavin - Chatfield\nMiller - Walker\nGostisbehere - Nikishin\nBussi\n[Backup: Kochetkov]\npic.twitter.com/a0n0loZ6Nl\n— Walt Ruff (@WaltRuff)\nJune 11, 2026"
2026-07-02 19:28:51,2065088171503948252,@RyanHenkel_,"Jun 11, 2026",https://twitter.com/GameDayLines/status/2065088171503948252,oembed,False,False,"Canes morning skate lines:\nSvechnikov-Aho-Martinook\nHall-Stankoven-Blake\nEhlers-Staal-Jarvis\nCarrier-Jankowski-Robinson\nKotkaniemi\nSlavin-Chatfield\nMiller-Walker\nGostisbehere-Nikishin\nReilly-Deslauriers\nBussi\nKochetkov\n*Andersen absent\n— Ryan Henkel (@RyanHenkel_)\nJune 11, 2026"
2026-07-02 19:28:51,2064512016459735211,@JesseGranger_,"Jun 9, 2026",https://twitter.com/GameDayLines/status/2064512016459735211,oembed,False,False,"Tortorella's swap of Andersson and Coghlan is already over.\nAndersson was back out there with Hanifin that shift.\n— Jesse Granger (@JesseGranger_)\nJune 10, 2026"
2026-07-02 19:28:51,2064495616198398284,@RyanHenkel_,"Jun 9, 2026",https://twitter.com/GameDayLines/status/2064495616198398284,oembed,False,False,"Canes SCF Game 4 line rushes:\nSvechnikov-Aho-Martinook\nHall-Stankoven-Blake\nEhlers-Staal-Jarvis\nCarrier-Jankowski-Robinson\nSlavin-Chatfield\nMiller-Walker\nGostisbehere-Nikishin\nBussi\n— Ryan Henkel (@RyanHenkel_)\nJune 9, 2026"
2026-07-02 19:28:51,2064495489186451522,@JesseGranger_,"Jun 9, 2026",https://twitter.com/GameDayLines/status/2064495489186451522,oembed,False,False,"Golden Knights pregame line rushes, with Hanifin and Lauzon swapped:\nBarbashev–Eichel–Stone\nHowden–Karlsson–Marner\nHertl–Sissons–Dorofeyev\nC. Smith–Dowd–Kolesar\nMcNabb–Theodore\nLauzon–Andersson\nHanifin–Coghlan\nHart\nHill\n— Jesse Granger (@JesseGranger_)\nJune 9, 2026"
2026-07-02 19:28:51,2064065424023773668,,"Jun 8, 2026",https://twitter.com/GameDayLines/status/2064065424023773668,oembed,False,False,"CAR: Svechnikov - Aho - Martinook\nHall - Stankoven - Blake\nEhlers - Staal - Jarvis\nCarrier - Jankowski - Robinson\nDeslauriers - Kotkaniemi\nSlavin - Chatfield\nMiller - Walker\nGostisbehere - Nikishin\nReilly\nhttps://t.co/vLke3re27a\n— Game Day Lines (@GameDayLines)\nJune 8, 2026"
2026-07-02 19:28:51,2063417238670266766,@WaltRuff,"Jun 6, 2026",https://twitter.com/GameDayLines/status/2063417238670266766,oembed,False,False,"Decoy, apparently!\nSeth Jarvis is with Nikolaj Ehlers and Jordan Staal for his first shift.\nJordan Martinook is with Sebastian Aho and Andrei Svechnikov.\nhttps://t.co/O1IqsdQaTV\n— Walt Ruff (@WaltRuff)\nJune 7, 2026"
2026-07-02 19:28:51,2063407697178091784,@RyanHenkel_,"Jun 6, 2026",https://twitter.com/GameDayLines/status/2063407697178091784,oembed,False,False,"Canes SCF Game 3 line rushes:\nSvechnikov-Aho-Jarvis\nHall-Stankoven-Blake\nEhlers-Staal-Martinook\nCarrier-Jankowski-Robinson\nSlavin-Chatfield\nMiller-Walker\nGostisbehere-Nikishin\nAndersen\n— Ryan Henkel (@RyanHenkel_)\nJune 6, 2026"
2026-07-02 20:15:12,2062708792316625104,@h_kirk6,"Jun 4, 2026",https://twitter.com/GameDayLines/status/2062708792316625104,oembed,False,False,"Looking like Canes have changed the lines.\nMartinook—Aho—Svechnikov\nJarvis—Staal—Ehlers\n— Hannah Kirkell (@h_kirk6)\nJune 5, 2026"
2026-07-02 20:15:12,2062697206436773931,@RyanHenkel_,"Jun 4, 2026",https://twitter.com/GameDayLines/status/2062697206436773931,oembed,False,False,"Nikishin is indeed running PP2\n— Ryan Henkel (@RyanHenkel_)\nJune 5, 2026"
2026-07-02 20:15:12,2062684864332066969,@RyanHockeyGuy,"Jun 4, 2026",https://twitter.com/GameDayLines/status/2062684864332066969,oembed,False,False,"VGK vs. Carolina. Game 2\nBarbashev - Eichel - Dorofeyev\nHowden - Karlsson - Marner\nHertl - Sissons - Stone\nSmith - Dowd - Kolesar\nMcNabb - Theodore\nHanifin - Andersson\nLauzon - Coghlan\nHart\n— Ryan The Hockey Guy (@RyanHockeyGuy)\nJune 4, 2026"
2026-07-02 20:15:12,2062684920951001274,@WaltRuff,"Jun 4, 2026",https://twitter.com/GameDayLines/status/2062684920951001274,oembed,False,False,"The\n#Canes\nfor Game 2 of the Stanley Cup Final vs. VGK -\nSvechnikov - Aho - Jarvis\nHall - Stankoven - Blake\nEhlers - Staal - Martinook\nCarrier - Jankowski - Robinson\nSlavin - Chatfield\nMiller - Walker\nGostisbehere - Nikishin\nAndersen\npic.twitter.com/a39wrgFozm\n— Walt Ruff (@WaltRuff)\nJune 4, 2026"
2026-07-02 20:15:12,2062577618571104430,,"Jun 4, 2026",https://twitter.com/GameDayLines/status/2062577618571104430,oembed,False,False,"CAR: Svechnikov - Aho - Jarvis\nHall - Stankoven - Blake\nEhlers - Staal - Martinook\nCarrier - Jankowski - Robinson\nDeslauriers - Kotkaniemi\nSlavin - Chatfield\nMiller - Walker\nGostisbehere - Nikishin\nReilly\nhttps://t.co/fGBAF6OIxJ\n— Game Day Lines (@GameDayLines)\nJune 4, 2026"
2026-07-02 20:15:12,2062577171496050689,@RyanHenkel_,"Jun 4, 2026",https://twitter.com/GameDayLines/status/2062577171496050689,oembed,False,False,"Team just did some quick, continuous rushes with power play units, nothing set, and Nikishin was with the other PP2 guys, so we'll see what the game holds.\n— Ryan Henkel (@RyanHenkel_)\nJune 4, 2026"
2026-07-02 20:15:12,2061958652928696459,@RyanHenkel_,"Jun 2, 2026",https://twitter.com/GameDayLines/status/2061958652928696459,oembed,False,False,"Canes SCF Game 1 line rushes:\nSvechnikov-Aho-Jarvis\nHall-Stankoven-Blake\nEhlers-Staal-Martinook\nCarrier-Jankowski-Robinson\nSlavin-Chatfield\nMiller-Walker\nGostisbehere-Nikishin\nAndersen\n— Ryan Henkel (@RyanHenkel_)\nJune 2, 2026"
2026-07-02 20:15:12,2061958557478818101,@RyanHockeyGuy,"Jun 2, 2026",https://twitter.com/GameDayLines/status/2061958557478818101,oembed,False,False,"VGK vs. Carolina. Game 1\nBarbashev - Eichel - Dorofeyev\nHowden - Karlsson - Marner\nHertl - Sissons - Stone\nSmith - Dowd - Kolesar\nMcNabb - Theodore\nHanifin - Andersson\nLauzon - Coghlan\nHart\n— Ryan The Hockey Guy (@RyanHockeyGuy)\nJune 2, 2026"
2026-07-02 20:15:12,2061818425056596183,,"Jun 2, 2026",https://twitter.com/GameDayLines/status/2061818425056596183,oembed,False,False,"CAR: Svechnikov - Aho - Jarvis\nHall - Stankoven - Blake\nEhlers - Staal - Martinook\nCarrier - Jankowski - Robinson\nDeslauriers - Kotkaniemi\nSlavin - Chatfield\nMiller - Walker\nGostisbehere - Nikishin\nReilly\nhttps://t.co/WeVrygDuNS\n— Game Day Lines (@GameDayLines)\nJune 2, 2026"
2026-07-02 20:15:12,2061465300197953663,@RyanHenkel_,"Jun 1, 2026",https://twitter.com/GameDayLines/status/2061465300197953663,oembed,False,False,"Canes practice lines (6/1):\nSvechnikov-Aho-Jarvis\nHall-Stankoven-Blake\nEhlers-Staal-Martinook\nCarrier-Jankowski-Robinson\nKotkaniemi\nSlavin-Chatfield\nMiller-Walker\nGostisbehere-Nikishin\nReilly-Deslauriers\nAndersen\nBussi/Kochetkov\n— Ryan Henkel (@RyanHenkel_)\nJune 1, 2026"
2026-07-02 20:15:12,2060508202689781762,@JFChaumontLNH,"May 29, 2026",https://twitter.com/GameDayLines/status/2060508202689781762,oembed,False,False,"La formation du CH à l'échauffement avant ce 5e match à Raleigh.\nCaufield-Suzuki-Slafkovsky\nTexier-Danault-Anderson\nNewhook-Evans-Demidov\nBolduc-Veleno-Dach\nMatheson-Dobson\nStruble-Hutson\nGuhle-Carrier\nDobes\nFowler\n— J-F Chaumont (@JFChaumontLNH)\nMay 29, 2026"
2026-07-02 20:15:12,2060508069441016316,@RyanHenkel_,"May 29, 2026",https://twitter.com/GameDayLines/status/2060508069441016316,oembed,False,False,"Canes Game 5 line rushes:\nSvechnikov-Aho-Jarvis\nHall-Stankoven-Blake\nEhlers-Staal-Martinook\nCarrier-Jankowski-Robinson\nSlavin-Chatfield\nMiller-Walker\nGostisbehere-Nikishin\nAndersen\n— Ryan Henkel (@RyanHenkel_)\nMay 29, 2026"
2026-07-02 20:15:12,2060423367380119957,@DannyWebster21,"May 29, 2026",https://twitter.com/GameDayLines/status/2060423367380119957,oembed,False,False,"Brayden McNabb not on the ice. Hutton in his place, but lines and pairs else wise are the same.\nBarbashev-Eichel-Dorofeyev\nHowden-Karlsson-Marner\nHertl-Sissons-Stone\nSmith-Dowd-Kolesar\nHutton-Theodore\nHanifin-Andersson\nCoghlan-Korczak\n— Danny Webster (@DannyWebster21)\nMay 29, 2026"
2026-07-02 20:15:12,2060371975630196910,,"May 29, 2026",https://twitter.com/GameDayLines/status/2060371975630196910,oembed,False,False,"CAR: Svechnikov - Aho - Jarvis\nHall - Stankoven - Blake\nEhlers - Staal - Martinook\nCarrier - Jankowski - Robinson\nDeslauriers - Kotkaniemi\nSlavin - Chatfield\nMiller - Walker\nGostisbehere - Nikishin\nReilly\nhttps://t.co/EA3sKhjHSG\n— Game Day Lines (@GameDayLines)\nMay 29, 2026"
2026-07-02 20:15:12,2059807251628745049,@EricEngels,"May 27, 2026",https://twitter.com/GameDayLines/status/2059807251628745049,oembed,False,False,"Newhook with Suzuki and Caufield\n— Eric Engels (@EricEngels)\nMay 28, 2026"
2026-07-02 20:19:08,2059807264962441273,@EricEngels,"May 27, 2026",https://twitter.com/GameDayLines/status/2059807264962441273,oembed,False,False,"That leaves Texier with Dach and Veleno\n— Eric Engels (@EricEngels)\nMay 28, 2026"
2026-07-02 20:19:08,2059807245568028715,@EricEngels,"May 27, 2026",https://twitter.com/GameDayLines/status/2059807245568028715,oembed,False,False,"Canadiens start the second period with Anderson, Bolduc and Danault as a line.\n— Eric Engels (@EricEngels)\nMay 28, 2026"
2026-07-02 20:19:08,2059807258452922674,@EricEngels,"May 27, 2026",https://twitter.com/GameDayLines/status/2059807258452922674,oembed,False,False,"Slafkovsky with Evans and Demidov\n— Eric Engels (@EricEngels)\nMay 28, 2026"
2026-07-02 20:19:08,2059782769706934389,@JFChaumontLNH,"May 27, 2026",https://twitter.com/GameDayLines/status/2059782769706934389,oembed,False,False,"Formation identique pour le CH à l'échauffement avant ce 4e match de la finale de l'Est.\nCaufield-Suzuki-Slafkovsky\nTexier-Danault-Anderson\nNewhook-Evans-Demidov\nBolduc-Veleno-Dach\nMatheson-Dobson\nStruble-Hutson\nGuhle-Carrier\nDobes\nFowler\n— J-F Chaumont (@JFChaumontLNH)\nMay 27, 2026"
2026-07-02 20:19:08,2059782655403770198,@WaltRuff,"May 27, 2026",https://twitter.com/GameDayLines/status/2059782655403770198,oembed,False,False,"The\n#Canes\nfor Game 4 of the Eastern Conference Final against MTL -\nSvechnikov - Aho - Jarvis\nHall - Stankoven - Blake\nEhlers - Staal - Martinook\nCarrier - Jankowski - Robinson\nSlavin - Chatfield\nMiller - Walker\nGostisbehere - Nikishin\nAndersen\npic.twitter.com/WQKOaqqso2\n— Walt Ruff (@WaltRuff)\nMay 27, 2026"
2026-07-02 20:19:08,2059698763661525192,,"May 27, 2026",https://twitter.com/GameDayLines/status/2059698763661525192,oembed,False,False,"CAR: Svechnikov - Aho - Jarvis\nHall - Stankoven - Blake\nEhlers - Staal - Martinook\nCarrier - Jankowski - Robinson\nDeslauriers - Kotkaniemi\nSlavin - Chatfield\nMiller - Walker\nGostisbehere - Nikishin\nReilly\nhttps://t.co/pzyz9I3kmx\n— Game Day Lines (@GameDayLines)\nMay 27, 2026"
2026-07-02 20:19:08,2059435585560048091,@evanrawal,"May 26, 2026",https://twitter.com/GameDayLines/status/2059435585560048091,oembed,False,False,"Season on the line, Avs will roll with these lines in Game 4.\nLehkonen - MacKinnon - Landeskog\nKadri - Nelson - Necas\nColton - Roy - O'Connor\nKelly - Drury - Kiviranta\nToews - Makar\nKulak - Malinski\nManson - Burns\nBlackwood in net.\n— Evan Rawal (@evanrawal)\nMay 27, 2026"
2026-07-02 20:19:08,2059435364759322954,@DannyWebster21,"May 26, 2026",https://twitter.com/GameDayLines/status/2059435364759322954,oembed,False,False,"#ForgedInGold\nlines and pairs for Game 4:\nBarbashev-Eichel-Dorofeyev\nHowden-Karlsson-Marner\nHertl-Sissons-Stone\nC. Smith-Dowd-Kolesar\nMcNabb-Theodore\nHanifin-Andersson\nCoghlan-Korczak\nHart\n— Danny Webster (@DannyWebster21)\nMay 27, 2026"
2026-07-02 20:19:08,2059058388873687299,@WaltRuff,"May 25, 2026",https://twitter.com/GameDayLines/status/2059058388873687299,oembed,False,False,"The\n#Canes\nfor Game 3 of the Eastern Conference Final in Montreal -\nSvechnikov - Aho - Jarvis\nHall - Stankoven - Blake\nEhlers - Staal - Martinook\nCarrier - Jankowski - Robinson\nSlavin - Chatfield\nMiller - Walker\nGostisbehere - Nikishin\nAndersen\npic.twitter.com/KzdFUA7AUV\n— Walt Ruff (@WaltRuff)\nMay 25, 2026"
2026-07-02 20:19:08,2059058257441005684,@ArponBasu,"May 25, 2026",https://twitter.com/GameDayLines/status/2059058257441005684,oembed,False,False,"Canadiens lines in warmup ahead of Game 3:\nCaufield-Suzuki-Slafkovský\nTexier-Danault-Anderson\nNewhook-Evans-Demidov\nBolduc-Veleno-Dach\nMatheson-Dobson\nStruble-Hutson\nGuhle-Carrier\nDobeš\nFowler\n— Arpon Basu (@ArponBasu)\nMay 25, 2026"
2026-07-02 20:19:08,2058940156397363431,,"May 25, 2026",https://twitter.com/GameDayLines/status/2058940156397363431,oembed,False,False,"CAR: Svechnikov - Aho - Jarvis\nHall - Stankoven - Blake\nEhlers - Staal - Martinook\nCarrier - Jankowski - Robinson\nDeslauriers - Kotkaniemi\nSlavin - Chatfield\nMiller - Walker\nGostisbehere - Nikishin\nReilly\nhttps://t.co/u6i2qVEExc\n— Game Day Lines (@GameDayLines)\nMay 25, 2026"
2026-07-02 20:19:08,2058695510375170288,@evanrawal,"May 24, 2026",https://twitter.com/GameDayLines/status/2058695510375170288,oembed,False,False,"Avs warmup lines for Game 3\nLehkonen - MacKinnon - Landeskog\nKadri - Nelson - Necas\nColton - Roy - Nichushkin\nKelly - Drury - LOC\nToews - Makar\nKulak - Malinski\nManson - Burns\nBlankenburg not taking rushes\nWedgewood\n— Evan Rawal (@evanrawal)\nMay 24, 2026"
2026-07-02 20:19:08,2058695291206046007,@h_kirk6,"May 24, 2026",https://twitter.com/GameDayLines/status/2058695291206046007,oembed,False,False,"Barbashev—Eichel—Dorofeyev\nHowden—Karlsson—Marner\nSTONE—Hertl—Sissons\nC Smith—Dowd—Kolesar\nMcNabb—Theodore\nHanifin—Andersson\nCoghlan—Korczak\nHart\n— Hannah Kirkell (@h_kirk6)\nMay 24, 2026"
2026-07-02 20:19:08,2058318224203345988,@PFrioletRDS,"May 23, 2026",https://twitter.com/GameDayLines/status/2058318224203345988,oembed,False,False,"Pas de changement à la formation du CH pour le 2e match de la série :\nCaufield-Suzuki-Slafkovsky\nNewhook-Evans-Demidov\nTexier-Danault-Anderson\nBolduc-Kapanen-Dach\nMatheson-Dobson\nStruble-Hutson\nGuhle-Carrier\nDobes\nFowler\n— Patrick Friolet (@PFrioletRDS)\nMay 23, 2026"
2026-07-02 20:19:08,2058317882187243673,@RyanHenkel_,"May 23, 2026",https://twitter.com/GameDayLines/status/2058317882187243673,oembed,False,False,"Canes Game 2 line rushes:\nSvechnikov-Aho-Jarvis\nHall-Stankoven-Blake\nEhlers-Staal-Martinook\nCarrier-Jankowski-Robinson\nSlavin-Chatfield\nMiller-Walker\nGostisbehere-Nikishin\nAndersen\n— Ryan Henkel (@RyanHenkel_)\nMay 23, 2026"
2026-07-02 20:30:57,2057970568713122143,@h_kirk6,"May 22, 2026",https://twitter.com/GameDayLines/status/2057970568713122143,oembed,False,False,"Barbashev—Eichel—Dorofeyev\nHowden—Karlsson—Marner\nSaad—Hertl—Sissons\nC Smith—Dowd—Kolesar\nMcNabb—Theodore\nHanifin—Andersson\nCoghlan—Korczak\nHart\n— Hannah Kirkell (@h_kirk6)\nMay 22, 2026"
2026-07-02 20:30:57,2057970674866811082,@evanrawal,"May 22, 2026",https://twitter.com/GameDayLines/status/2057970674866811082,oembed,False,False,"Avs Game 2 lines. Starting same as last game.\nLandeskog - MacKinnon - Necas\nLehkonen - Nelson - Roy\nColton - Kadri - Nichushkin\nKelly - Drury - O'Connor\nToews - Malinski\nKulak - Burns\nBlankenburg - Manson\nWedgewood\n— Evan Rawal (@evanrawal)\nMay 22, 2026"
2026-07-02 20:30:57,2057608547228381428,@JFChaumontLNH,"May 21, 2026",https://twitter.com/GameDayLines/status/2057608547228381428,oembed,False,False,"La formation du CH à l'échauffement. Des changements à la ligne bleue.\nCaufield-Suzuki-Slafkovsky\nNewhook-Evans-Demidov\nTexier-Danault-Anderson\nBolduc-Kapanen-Dach\nMatheson-Dobson\nGuhle-Carrier\nStruble-Hutson\nDobes\nFowler\n— J-F Chaumont (@JFChaumontLNH)\nMay 21, 2026"
2026-07-02 20:30:57,2057608052292177954,@RyanHenkel_,"May 21, 2026",https://twitter.com/GameDayLines/status/2057608052292177954,oembed,False,False,"Canes ECF Game 1 line rushes:\nSvechnikov-Aho-Jarvis\nHall-Stankoven-Blake\nEhlers-Staal-Martinook\nCarrier-Jankowski-Robinson\nSlavin-Chatfield\nMiller-Walker\nGostisbehere-Nikishin\nAndersen\n— Ryan Henkel (@RyanHenkel_)\nMay 21, 2026"
2026-07-02 20:30:57,2057535704117440679,@megangley,"May 21, 2026",https://twitter.com/GameDayLines/status/2057535704117440679,oembed,False,False,"Jared Bednar said he liked some of the line changes he made in the third period:\nLehkonen MacKinnon Landeskog\nNelson Nichushkin Necas\nAnd flexing Kadri up as well - he noted he won’t wait so long to make changes and will have some conversations with the players ahead of Game 2\n— Meghan Angley (@megangley)\nMay 21, 2026"
2026-09-25 01:59:20,2103299600991883722,@Real_Max_Miller,"Sep 24, 2026",https://twitter.com/GameDayLines/status/2103299600991883722,oembed,False,False,"#SJSharks\nlines in warmup:\nMarchment-Celebrini-Smith\nStenberg-Misa-Sherwood\nGoodrow-Dellandrea-Leason\nHuntington-Bystedt-Chernyshov\nNurse-Kesselring\nDickinson-Cagnoni\nAllan-Pohlkamp\n— Max Miller (@Real_Max_Miller)\nSeptember 25, 2026"
2026-09-25 01:59:20,2103299536508604527,@h_kirk6,"Sep 24, 2026",https://twitter.com/GameDayLines/status/2103299536508604527,oembed,False,False,"Barbashev—Eichel—Stone\nHowden—Karlsson—Marner\nConnelly—Hertl—Olofsson\nRøndbjerg—Dowd—Bowman\nMcNabb—Theodore\nWotherspoon—Andersson\nHanifin—Lauzon\nHill\n— Hannah Kirkell (@h_kirk6)\nSeptember 25, 2026"
2026-09-25 01:59:20,2103281161665659113,@CRoumeliotis,"Sep 24, 2026",https://twitter.com/GameDayLines/status/2103281161665659113,oembed,False,False,"#Blackhawks\nprojected preseason lineup vs. St. Louis:\nKantserov-Nazar-Kane\nGreene-Frondell-Lardis\nSlaggert-Moore-Spellacy\nBoucher-Boisvert-Mylymok\nKaiser-Levshunov\nKorchinski-Del Mastro\nMackey-Rinzel\nSoderblom\nCommesso\n— Charlie Roumeliotis (@CRoumeliotis)\nSeptember 24, 2026"
2026-09-25 01:59:20,2103255973947494472,@AnsarKhanMLive,"Sep 24, 2026",https://twitter.com/GameDayLines/status/2103255973947494472,oembed,False,False,"#RedWings\nlines and D pairs in warmups before facing Sabres at 7 on Detroit Sports Net:\nDeBrincat-Copp-Raymond\nAppleton-Finnie-MBN\nSkoog-Danielson-Mazur\nLeonard-Dries-Shine\nWallinder-Seider\nJBD-ASP\nBryson-Anton Johansson\nTarasov playing whole game. Gylander backing up.\npic.twitter.com/7dbcY4gHCI\n— Ansar Khan (@AnsarKhanMLive)\nSeptember 24, 2026"
2026-09-25 01:59:20,2103252643435229373,@JHallNBCS,"Sep 24, 2026",https://twitter.com/GameDayLines/status/2103252643435229373,oembed,False,False,"Flyers in warmups:\nF\nFoerster-Zegras-Martone\nKonecny-Dvorak-Michkov\nGrebenkin-Couturier-Acciari\nGaucher-Luchanko-Knuble\nD\nSanheim-Ristolainen\nYork-Drysdale\nBenoit-Grans\nG\nWoll (playing full game)\nKolosov\n— Jordan Hall (@JHallNBCS)\nSeptember 24, 2026"
2026-09-25 01:59:20,2103195268703514938,@Sheng_Peng,"Sep 24, 2026",https://twitter.com/GameDayLines/status/2103195268703514938,oembed,False,False,"Celebrini, Smith, Stenberg, Misa among those who look like they're playing tonight.\n#SJSharks\nmorning skate pairings:\nDickinson-Cagnoni\nNurse-Kesselring\nAllan-Pohlkamp\nDidn't do too much with 5-on-5 lines, but skate appears to be game players, don't count anyone extra.\n— Sheng Peng (@Sheng_Peng)\nSeptember 24, 2026"
2026-09-25 01:59:20,2103187209268658491,@JesseGranger_,"Sep 24, 2026",https://twitter.com/GameDayLines/status/2103187209268658491,oembed,False,False,"Lines and pairs at morning skate. However, there are a lot of extra players out here so they may not all play.\nBarbashev—Eichel—Stone\nHowden—Karlsson—Marner\nConnelly—Hertl—Olofsson\nBowman—Dowd—Henola\nMcNabb—Theodore\nWotherspoon—Andersson\nLauzon—Hanifin\nCoghlan—Heinola\n— Jesse Granger (@JesseGranger_)\nSeptember 24, 2026"
2026-09-25 01:59:20,2103178739484180785,@Real_Max_Miller,"Sep 24, 2026",https://twitter.com/GameDayLines/status/2103178739484180785,oembed,False,False,"No full lines run at\n#SJSharks\n' morning skate yet but now they are working on the power play:\nPP1: Cagnoni-Celebrini-Smith-Chernyshov-Marchment\nPP2: Pohlkamp-Stenberg-Misa-Sherwood-Bystedt\n(Mack and Will did some PK work against this unit)\n— Max Miller (@Real_Max_Miller)\nSeptember 24, 2026"
2026-09-25 01:59:20,2103168289644109894,@ThomasDrance,"Sep 24, 2026",https://twitter.com/GameDayLines/status/2103168289644109894,oembed,False,False,"#Canucks\non the ice for a well-attended optional. Lineup for the their preseason home opener, per the club:\nDeBrusk-Pettersson-Karlsson\nÖhgren-Rossi-Boeser\nO’Connor-Chytil-Lekkerimäki\nCotter-Cootes-Gallagher\nBuium-Hronek\nOleksiak-Schenn\nBrisebois-Mancini\nTolopilo\nDriedger\npic.twitter.com/uUl6MgHSwo\n— Thomas Drance (@ThomasDrance)\nSeptember 24, 2026"
2026-09-25 01:59:20,2103165859963478151,@Benton_Mike,"Sep 24, 2026",https://twitter.com/GameDayLines/status/2103165859963478151,oembed,False,False,"AM skate line rushes:\nMcCann-Beniers-Samoskevich\nMcMann-Stephenson-Eberle\nKakko-Catton-Wright\nDouglas-OFM-Meyers\nDunn-Larsson\nEvans-Montour\nLindgren-Fleury\nMahura-Ottavainen\nhttps://t.co/E65IVTLZEH\n— Mike Benton (@Benton_Mike)\nSeptember 24, 2026"
2026-09-25 01:59:20,2103165114212118815,@RobertTiffin,"Sep 24, 2026",https://twitter.com/GameDayLines/status/2103165114212118815,oembed,False,False,"Stars in practice today look like this. No Duchene, no Seguin, no Oettinger.\nHryckowian-Johnston-Rantanen\nRobertson-Hintz-Blackwell\nSteel-Hyry-Benn\nBäck-Faksa-Kiviranta\nHarley-Heiskanen\nLindell-Lundkvist\nBichsel-Myers\nDeSmith\nPoirier\nTaylor-Capobianco also out there.\n— Robert Tiffin (@RobertTiffin)\nSeptember 24, 2026"
2026-09-25 01:59:20,2103157597293650307,@markhmasters,"Sep 24, 2026",https://twitter.com/GameDayLines/status/2103157597293650307,oembed,False,False,"Lines at Leafs practice\nKnies - Matthews - Roslovic\nMcKenna - Tavares - Nylander\nGroulx - Sissons - Cowan\nDuhaime - Blueger - MacEwen\nJoshua\nMcCabe - Tanev\nRielly - Raddysh\nEkman-Larsson - Stecher\nAndrae - Blankenburg\nBobrovsky\nStolarz\n@TSN_Sports\npic.twitter.com/uvk4IrIXJ7\n— Mark Masters (@markhmasters)\nSeptember 24, 2026"
2026-09-25 01:59:20,2103156564576326027,@AndrewWilimek,"Sep 24, 2026",https://twitter.com/GameDayLines/status/2103156564576326027,oembed,False,False,"Senators main group. No Pinto, Spence, Chabot, Sanderson, Foegele or Zub.\nEklund-Stützle-Zetterlund\nBurakovsky-Cozens-Batherson\nGiroux-Greig-Amadio\nCousins-Halliday-Blais\nTomasino-Hodgson\nKleven-Yakemchuk\nMatinpalo-Stanley\nHutton-Crotty\nBolduc-Toure\nUllmark\nErsson\nMeriläinen\n— Andrew Wilimek (@AndrewWilimek)\nSeptember 24, 2026"
2026-09-25 01:59:20,2103156067438154132,@danielleBain,"Sep 24, 2026",https://twitter.com/GameDayLines/status/2103156067438154132,oembed,False,False,"Special teams work for the\n#NHLJets\ntoday:\nPP1: Scheifele, Connor, Perfetti, Vilardi, Morrissey\nPP2: Niederreiter, Björck, Rosén, Namestnikov, Pionk\n— danielle bain (@danielleBain)\nSeptember 24, 2026"
2026-09-25 01:59:20,2103153373403099485,@mark_scheig,"Sep 24, 2026",https://twitter.com/GameDayLines/status/2103153373403099485,oembed,False,False,"#CBJ\nworking on some PP stuff this mornings. The units ⬇️\nWerenski, Johnson, Coyle, Marchenko, Sillinger\nProvorov, Mateychuk, Voronkov, Monahan, Nichushkin\n— Mark Scheig (@mark_scheig)\nSeptember 24, 2026"
2026-09-25 02:00:47,2103153139176325224,@Diandra_loux,"Sep 24, 2026",https://twitter.com/GameDayLines/status/2103153139176325224,oembed,False,False,"The\n#GoBolts\nlines for morning skate\nMikheyev-Point-Kucherov\nHagel-Cirelli-Guentzel\nGeekie-O’Reilly-Rautiainen\nSabourin-Harkins-Pelletier\nMoser-Carlson\nMcDonagh-Cernak\nHedman-Lilleberg\nVasilevskiy 🥅\nHildeby\n— Diandra Loux (@Diandra_loux)\nSeptember 24, 2026"
2026-09-25 02:00:47,2103133963199934548,@stefen_rosner,"Sep 24, 2026",https://twitter.com/GameDayLines/status/2103133963199934548,oembed,False,False,"#Isles\nPP: QB-LW-RW-B-N\nPP1: Schaefer-Maccelli-Schenn-Horvat-Palmieri\nPP2: DeAngelo-Ritchie-Holmstrom-Heineman-Duclair\nEklund on the PK today.\n— Stefen Rosner (@stefen_rosner)\nSeptember 24, 2026"
2026-09-25 02:00:47,2103133681753956700,@EddieInTheYard,"Sep 24, 2026",https://twitter.com/GameDayLines/status/2103133681753956700,oembed,False,False,"#GoBolts\npreseason G3 morning skate power plays are:\nCarlson (top), Point (left side), Hagel (bumper), Kucherov (right side), Guentzel (net front)\nHedman, Rautiainen, Cirelli, Geekie, O’Reilly\n— Eduardo A. Encina (@EddieInTheYard)\nSeptember 24, 2026"
2026-09-25 02:00:47,2103133836628656490,@RyanHenkel_,"Sep 24, 2026",https://twitter.com/GameDayLines/status/2103133836628656490,oembed,False,False,"Greensboro Game Group lines:\nHall-Stankoven-Blake\nNadeau-Cerrato-Unger Sorum\nSlavin-Brind'Amour-Robidas\nJaaska-Kotkaniemi-Lansard\nTrikozov\nJoseph-Legault\nValimaki-Nystrom\nFransen-Badinka\nHeimosalmi\nKochetkov\nKhazheyev\n— Ryan Henkel (@RyanHenkel_)\nSeptember 24, 2026"
2026-09-25 02:00:47,2103133560034996377,@DylanTyrer,"Sep 24, 2026",https://twitter.com/GameDayLines/status/2103133560034996377,oembed,False,False,"#CBJ\nlines/pairs ahead of tonight’s game against Pittsburgh.\nMarchenko-Sillinger-Johnson\nVoronkov-Monahan-Nichushkin\nHeinen-Coyle-Williams\nTuch-Keskinen-Wood\nWerenski-Ceulemans\nRichard-Gudbranson\nWhite-Elick\npic.twitter.com/88JQ6Rb5Vx\n— Dylan Tyrer (@DylanTyrer)\nSeptember 24, 2026"
2026-09-25 02:00:47,2103133483321192665,@AnsarKhanMLive,"Sep 24, 2026",https://twitter.com/GameDayLines/status/2103133483321192665,oembed,False,False,"#RedWings\nlines for tonight:\nDeBrincat-Copp-Raymond\nFinnie-Kasper-Arvidsson\nAppleton-Danielson-MBN\nMazur-Dries-Skoog\nThe 6 D: Seider, Chiarot, ASP, Anton Johansson, JBD, Bryson.\npic.twitter.com/mrPDhawJkI\n— Ansar Khan (@AnsarKhanMLive)\nSeptember 24, 2026"
2026-09-25 02:00:47,2103118640899883480,@stefen_rosner,"Sep 24, 2026",https://twitter.com/GameDayLines/status/2103118640899883480,oembed,False,False,"#Isles\nnon-game group\n@bullsmithsli\n:\nMaccelli-Ritchie-Schenn\nPalat-Cizikas-Duclair\nEiserman-Foudy-Jefferies-Highmore-Luff\nPelech-Schaefer\nGeorge-DeAngelo\nKessel\nKotai\nVanecek\n— Stefen Rosner (@stefen_rosner)\nSeptember 24, 2026"
2026-09-25 02:00:47,2103118702883344815,@stefen_rosner,"Sep 24, 2026",https://twitter.com/GameDayLines/status/2103118702883344815,oembed,False,False,"#Isles\nlines at Thursday's skate (game group for Friday)\n@bullsmithsli\n:\nHolmstrom-Horvat-Palmieri\nEklund-Pageau-Heineman\nEngvall-MacLean-Chaffee-Prokhorov-Kuefler\nRomanov-Pulock\nAitcheson-Mayfield\nWarren\nVarlamov\nSorokin\n— Stefen Rosner (@stefen_rosner)\nSeptember 24, 2026"
2026-09-25 02:00:47,2103111481592033360,@RyanHenkel_,"Sep 24, 2026",https://twitter.com/GameDayLines/status/2103111481592033360,oembed,False,False,"Non-game group skating first:\nSvechnikov-Aho-Robinson\nEhlers-Staal-Martinook\nDeslauriers-Jankowski-Carrier\nEkberg-Ryabkin-Neuchev\nJarvis\nSlavin-Chatfield\nMiller-Walker\nGostisbehere-Reilly\nSeeley-Montgomery\nBussi\nPrimeau\nSawchenko\nSo that'll tell you who is playing tonight\n— Ryan Henkel (@RyanHenkel_)\nSeptember 24, 2026"
2026-09-25 02:00:47,2103111347760185367,@sammisilber,"Sep 24, 2026",https://twitter.com/GameDayLines/status/2103111347760185367,oembed,False,False,"Caps lines:\nOvechkin-Strome-Leonard\nTuch-Dubois-Wilson\nA. Protas-I. Protas-Kyrou\nJenner-Sourdif-Beauvillier\nMiroshnichenko-Brodzinski-Frank\nChychrun-Roy\nHutson-Desharnais\nFehervary-Liljegren\nHoll-McIlrath\nThompson\nLindgren\n— Sammi Silber 🏒 (@sammisilber)\nSeptember 24, 2026"
2026-09-25 02:00:47,2102891223090610393,@davidalter,"Sep 23, 2026",https://twitter.com/GameDayLines/status/2102891223090610393,oembed,False,False,"Leafs lines during warmup SS home game vs OTT Sept 22/26\nKnies-Matthews-Roslovic\nMcKenna-Tavares-Nylander\nCowan-Paul-Sissons\nPezzetta-Groulx-MaEwen\nMcCabe-Tanev\nRielly-Raddysh\nOEL-Stecher\nBobrovsky (starter)\nAkhtyamov\n@Ozoon_CA\npic.twitter.com/atUWviNmb7\n— David Alter (@davidalter)\nSeptember 23, 2026"
2026-09-25 02:00:47,2102844053901758506,@ThomasDrance,"Sep 23, 2026",https://twitter.com/GameDayLines/status/2102844053901758506,oembed,False,False,"#Canucks\ngetting in some power-play work at practice for the first time since they kicked off training camp last week.\nPP1 is unchanged from how they ended last season:\n🥅\nDeBrusk\nRossi-Boeser-Pettersson\nHronek\nPP2:\n🥅\nKarlsson\nChytil-Öhgren-Lekkerimäki\nBuium\n— Thomas Drance (@ThomasDrance)\nSeptember 23, 2026"
2026-09-25 02:00:47,2102840533081354349,@MaxHerzTalks,"Sep 23, 2026",https://twitter.com/GameDayLines/status/2102840533081354349,oembed,False,False,"Preds Wednesday training camp lines:\nForsberg-Wood-Hoglander\nStamkos-O'Reilly-Kerfoot\nColton-Bourque-Marchessault\nA. Edstrom-Drury-O'Hara\nPinchuk rotated in at center in his first practice back from injury\nSkjei-Josi\nHague-Perbix\nWilsby-Lyubushkin\n@1025TheGame\n— Max Herz (@MaxHerzTalks)\nSeptember 23, 2026"
2026-09-25 02:00:47,2102839026990592253,@sound_hockey,"Sep 23, 2026",https://twitter.com/GameDayLines/status/2102839026990592253,oembed,False,False,"Good morning! 🌞\n#SeaKraken\nforward lines remain unchanged.\nMcCann / Beniers / Samoskevich\nEberle / Stephenson / McMann\nKakko / Catton / Wright\nMelanson / Gaudreau / Winterton\nDouglas / Meyers / OFM\npic.twitter.com/Bke3BMpm39\n— Sound Of Hockey (@sound_hockey)\nSeptember 23, 2026"
2026-09-25 02:00:47,2102838570771951757,@Diandra_loux,"Sep 23, 2026",https://twitter.com/GameDayLines/status/2102838570771951757,oembed,False,False,"Kucherov, Guentzel, Point, Carlson & Hagel are getting power play reps in with Jeff Halpern\nThe second unit is Goncalves, Geekie Holmberg, Cirelli with D’Astous & Hedman rotating in.\n#GoBolts\n— Diandra Loux (@Diandra_loux)\nSeptember 23, 2026"
2026-09-25 02:01:48,2102833689344589916,@ThomasDrance,"Sep 23, 2026",https://twitter.com/GameDayLines/status/2102833689344589916,oembed,False,False,"#Canucks\nlineup at practice Wednesday based on rushes:\nDeBrusk-Pettersson-Karlsson\nÖhgren-Rossi-Boeser\nO’Connor-Chytil-Lekkerimäki\nCotter-Cootes-Gallagher\nBains-Räty-Stienburg\nBuium-Hronek\nOleksiak-Schenn\nD-Petey - Willander\nBrisebois-Mancini\npic.twitter.com/Qq0G1MBiI1\n— Thomas Drance (@ThomasDrance)\nSeptember 23, 2026"
2026-09-25 02:01:48,2102833164322505186,@Sheng_Peng,"Sep 23, 2026",https://twitter.com/GameDayLines/status/2102833164322505186,oembed,False,False,"Not sure if today's lines are super-meaningful because so many players still left in camp, but here you go:\nMarchment-Celebrini-Smith\nStenberg-Misa-Sherwood\nToffoli-Wennberg-Graf\nGoodrow-Dellandrea-Leason-Bystedt\nChernyshov-Ostapchuk-Huntington\nNurse-Kesselring…\n— Sheng Peng (@Sheng_Peng)\nSeptember 23, 2026"
2026-09-25 02:01:48,2102833116557807660,@Sheng_Peng,"Sep 23, 2026",https://twitter.com/GameDayLines/status/2102833116557807660,oembed,False,False,"#SJSharks\npower play lines today, still look like Sunday's...\nPP1: Cagnoni-Celebrini-Smith-Chernyshov-Wennberg\nPP2: Orlov-Misa-Stenberg-Toffoli-Marchment\n— Sheng Peng (@Sheng_Peng)\nSeptember 23, 2026"
2026-09-25 02:01:48,2102808656614224065,@engelheather,"Sep 23, 2026",https://twitter.com/GameDayLines/status/2102808656614224065,oembed,False,False,"How they’re lining up, with Samuelsson and Zellweger absent:\nKrebs-Thompson-Doan\nHelenius-Norris-McLeod\nBenson-Östlund-Quinn\nKulich-Carrick-Malenstyn\nKozak and Danforth rotating in\nDahlin-Crevier\nPower-Timmins\nGilbert-Metsa\nJohnson-Mrtka\n— Heather Engel (@engelheather)\nSeptember 23, 2026"
2026-09-25 02:01:48,2102808223443189763,@kalenalumpkins,"Sep 23, 2026",https://twitter.com/GameDayLines/status/2102808223443189763,oembed,False,False,"Blackhawks Power Play Units:\n1: Bertuzzi\nKane-Frondell-Kantserov\nByram\n2: Donato\nMoore-Nazar-Lardis\nLevshunov\n— Kalen Lumpkins (@kalenalumpkins)\nSeptember 23, 2026"
2026-09-25 02:01:48,2102806299255918692,@AnsarKhanMLive,"Sep 23, 2026",https://twitter.com/GameDayLines/status/2102806299255918692,oembed,False,False,"#RedWings\npower play units:\n1. Arvidsson/Copp (net front/bumper rotating), DeBrincat-Raymond (flanks), Seider (point).\n2. MBN/Kasper (net front/bumper rotating), ASP-Finne (flanks), Faulk (point).\npic.twitter.com/xMlDNJ0dbX\n— Ansar Khan (@AnsarKhanMLive)\nSeptember 23, 2026"
2026-09-25 02:01:48,2102806077964513750,@CraneAndrew,"Sep 23, 2026",https://twitter.com/GameDayLines/status/2102806077964513750,oembed,False,False,"Rangers’ lines and pairings from the NHL group, with Raddysh and Chmelař rotating in:\nPerreault-Zibanejad-Lafrenière\nBjorkstrand-Miller-Dorofeyev\nCuylle-Laba-Tolvanen\nKartye-Veleno-Rempe\nGavrikov-Fox\nPettersson-Durzi\nŠmits-Schneider\nRobertson-Morrow\nShesterkin\nKorpisalo\n— Andrew Crane (@CraneAndrew)\nSeptember 23, 2026"
2026-09-25 02:01:48,2102803343659975088,@runwriteAarif,"Sep 23, 2026",https://twitter.com/GameDayLines/status/2102803343659975088,oembed,False,False,"Nic Roy is getting a look on the top PP unit in place of Kadri\nPP1: Makar, MacKinnon, Necas, Landeskog, Roy\nPP2: Toews, Nelson, Schwartz, Lehkonen, Kadri\n— Aarif Deen (@runwriteAarif)\nSeptember 23, 2026"
2026-09-25 02:01:48,2102803147697910003,@charlieo_conn,"Sep 23, 2026",https://twitter.com/GameDayLines/status/2102803147697910003,oembed,False,False,"Lines and pairs today in main group:\nTippett - Zegras - Martone\nBump - Dvorak - Michkov\nFoerster - Cates - Konecny\nGrundstrom - Couturier - Acciari\nSanheim - Ristolainen\nYork - Drysdale\nSeeler - Benoit\nJiricek - Bonk\n— Charlie O'Connor (@charlieo_conn)\nSeptember 23, 2026"
2026-09-25 02:01:48,2102802862350971255,@kalenalumpkins,"Sep 23, 2026",https://twitter.com/GameDayLines/status/2102802862350971255,oembed,False,False,"Blackhawks lines and pairs are the same as they usually have been:\nKantserov-Nazar-Kane\nBertuzzi-Frondell-Lardis\nDonato-Moore-Mangiapane/Teravainen\nSmith-Greene-Greenway/Slaggert\nVlasic-Byram\nKaiser-Levshunov\nCole-Rinzel\nKorchinski-Del Mastro\nKnight\nSöderblom\n— Kalen Lumpkins (@kalenalumpkins)\nSeptember 23, 2026"
2026-09-25 02:01:48,2102802514479657259,@RussoHockey,"Sep 23, 2026",https://twitter.com/GameDayLines/status/2102802514479657259,oembed,False,False,"Lines at second practice look very opening nightish\nKaprizov-Yurov-Shabanov\nColeman-Eriksson Ek-Boldy\nTrenin-Hartman-Brink\nM. Foligno-McCarron-N. Foligno\nHughes-Faber\nBrodin-Spurgeon\nMaatta-Bogosian\n— Michael Russo (@RussoHockey)\nSeptember 23, 2026"
2026-09-25 02:01:48,2102801588826079439,@EddieInTheYard,"Sep 23, 2026",https://twitter.com/GameDayLines/status/2102801588826079439,oembed,False,False,"#GoBolts\nGroup A practice lines, pairings and goalies:\nMikheyev-Point-Kucherov\nHagel-Cirelli-Guentzel\nViel-Girgensons-Holmberg\nHarkins-Geekie-Goncalves\nMoser-Carlson\nMcDonagh-Cernak\nHedman-Crozier\nD’Astous-Lilleberg\nVasilevskiy\nHildeby\n— Eduardo A. Encina (@EddieInTheYard)\nSeptember 23, 2026"
2026-09-25 02:01:48,2102801131038736448,@jackiespiegel93,"Sep 23, 2026",https://twitter.com/GameDayLines/status/2102801131038736448,oembed,False,False,"#Flyers\npower-play units\nPP1: Drysdale, Foerster, Michkov, Martone, Zegras\nPP2: Jiricek, Tippett, Bump, Konecny, Cates\nhttps://t.co/EkgoebbhWm\n— Jackie Spiegel (@jackiespiegel93)\nSeptember 23, 2026"
2026-09-25 02:01:48,2102791644185804979,@lkorac10,"Sep 23, 2026",https://twitter.com/GameDayLines/status/2102791644185804979,oembed,False,False,"#stlblues\nGroup A lines/d-pairs:\nHolloway-Thomas-Snuggerud\nBuchnevich-McTavish-McMichael\nNeighbours-Dvorsky-Berggren\nToropchenko-Suter-Dube\nJohnston-Dean-Kaskimaki\nBroberg-Mailloux\nLindstein-Parayko\nFowler-Carlo\nKoromyslov-Jiricek\nHofer\nBinnington\n— Lou Korac (@lkorac10)\nSeptember 23, 2026"
2026-09-25 02:01:48,2102784361955569992,@AnsarKhanMLive,"Sep 23, 2026",https://twitter.com/GameDayLines/status/2102784361955569992,oembed,False,False,"#RedWings\nlines in practice for the first group:\nDeBrincat-Copp-Raymond\nFinnie-Kasper-Arvidsson\nAppleton-Danielson-MBN\nRasmussen-Compher-Kolesar\nLarkin/Skoog\nEdvinsson-Seider\nChiarot-ASP\nAlbert Johansson-Faulk\nJBD-Anton Johansson\nGibson/Tarasov\npic.twitter.com/EmFtAx3frY\n— Ansar Khan (@AnsarKhanMLive)\nSeptember 23, 2026"
2026-09-25 04:32:03,2103330388571779087,@DannyWebster21,"Sep 24, 2026",https://twitter.com/GameDayLines/status/2103330388571779087,oembed,False,False,"Craig is throwing every line in the blender but the Karlsson line. Olofsson was with Eichel last shift. Bowman now with Connelly and Hertl.\n— Danny Webster (@DannyWebster21)\nSeptember 25, 2026"
2026-09-25 04:32:03,2103328235643961697,@RyanHockeyGuy,"Sep 24, 2026",https://twitter.com/GameDayLines/status/2103328235643961697,oembed,False,False,"Couple things.\nLooks like Ryan Craig has swapped Connelly and Barbashev.\nIvan just trucked Tanev. And we got a little skirmish out of it.\nVegas getting a power play out of it all.\n— Ryan The Hockey Guy (@RyanHockeyGuy)\nSeptember 25, 2026"
2026-09-25 04:32:03,2102784517434139114,@SunGarrioch,"Sep 23, 2026",https://twitter.com/GameDayLines/status/2102784517434139114,oembed,False,False,"#Sens\ngroup headed to Toronto\nBurakovsky-Stützle-Batherson\nAmadio-Pinto-Tomasino\nPatterson-Daoust-Hodgson\nElinas-Olsen-Halttunen\nNemec\nKleven-Yakemchuk\nBolduc-Matinpalo\nHarrington-Kyrou\nEliasson\nMerilainen\nParsons\n— Bruce Garrioch (@SunGarrioch)\nSeptember 23, 2026"
2026-09-25 04:32:03,2102784066777121021,@bellefraser1,"Sep 23, 2026",https://twitter.com/GameDayLines/status/2102784066777121021,oembed,False,False,"Group A lines today:\nPeterka-E. Lindholm-Pastrnak\nMittelstadt-Zacha-Geekie\nHagens-Minten-Khusnutdinov\nJeannot-Locmelis-Eyssimont\nSteeves-Kuraly-Kastelic\nAspirot-McAvoy\nH. Lindholm-Borgen\nZadorov-Clifton\nLohrei-Jokiharju\nSwayman\nDiPietro\n— Belle Fraser (@bellefraser1)\nSeptember 23, 2026"
2026-09-25 04:32:03,2102779997178192292,@RobertTiffin,"Sep 23, 2026",https://twitter.com/GameDayLines/status/2102779997178192292,oembed,False,False,"Lines at morning skate for Dallas:\nSteel-Hyry-Benn\nBäck-Faksa-Kiviranta\nD.Hryckowian-Shlaine-Hemming\nSgarbossa-Rickwood-Seminoff\nLindell-Heiskanen\nBichsel-Myers\nTaylor-Capobianco\nOettinger\nPoirier\n— Robert Tiffin (@RobertTiffin)\nSeptember 23, 2026"
2026-09-25 18:56:25,2103552268414960027,@lkorac10,"Sep 25, 2026",https://twitter.com/GameDayLines/status/2103552268414960027,oembed,False,False,"#stlblues\nlines/d-pairs (9/25):\nHolloway-Thomas-Snuggerud\nBuchnevich-McTavish-McMichael\nNeighbours-Dvorsky-Berggren\nToropchenko-Suter-Johnston\n* Dean, Dube\n> Sundqvist, Walker, Finley absent\nBroberg-Mailloux\nLindstein-Parayko\nFowler-Carlo\n* Rosen\nHofer\nBinnington\nRomanov\n— Lou Korac (@lkorac10)\nSeptember 25, 2026"
2026-09-25 18:56:25,2103552298966294715,@lkorac10,"Sep 25, 2026",https://twitter.com/GameDayLines/status/2103552298966294715,oembed,False,False,"#stlblues\nPP units:\n🥅\nSnuggerud\nThomas Holloway McTavish\nBroberg\nNeighbours\nMcMichael Buchnevich Dvorsky\nMailloux\n— Lou Korac (@lkorac10)\nSeptember 25, 2026"
2026-09-25 18:56:25,2103551866583777689,@Sheng_Peng,"Sep 25, 2026",https://twitter.com/GameDayLines/status/2103551866583777689,oembed,False,False,"Gaudette still not on the ice today,\n#SJSharks\nlines today:\nMarchment-Celebrini-Smith\nStenberg-Wennberg-Graf\nChernyshov-Misa-Toffoli\nGoodrow-Ostapchuk-Sherwood\nDellandrea-Leason\nNurse-Kesselring\nOrlov-Cagnoni\nAllan-Trouba\nDickinson-Pohlkamp\n— Sheng Peng (@Sheng_Peng)\nSeptember 25, 2026"
2026-09-25 18:56:25,2103551663642407328,@PensInsideScoop,"Sep 25, 2026",https://twitter.com/GameDayLines/status/2103551663642407328,oembed,False,False,"Penguins lines and D-pairs:\nRobertson-Crosby-Rakell\nChinakhov-Novak-Malkin\nKoivunen-Lapierre-Rust\nHallander-Dewar-Soderblom\n(Gustafsson, Zonnon)\nCarlile-Karlsson\nvan Riemsdyk-Letang\nKorczak-Girard\nSolovyov-Brunicke\n— Pens Inside Scoop (@PensInsideScoop)\nSeptember 25, 2026"
2026-09-25 18:56:25,2103551722387820641,@sound_hockey,"Sep 25, 2026",https://twitter.com/GameDayLines/status/2103551722387820641,oembed,False,False,"#SeaKraken\npractice, forward groups remain unchanged.\nMcCann / Beniers / Samoskevich\nEberle / Stephenson / McMann\nKakko / Catton / Wright\nMelanson / Gaudreau / Winterton\nDouglas / Meyers / OFM\npic.twitter.com/oK76OsWJCj\n— Sound Of Hockey (@sound_hockey)\nSeptember 25, 2026"
2026-09-25 18:56:25,2103551198439801127,@Real_Max_Miller,"Sep 25, 2026",https://twitter.com/GameDayLines/status/2103551198439801127,oembed,False,False,"#SJSharks\npower play lines:\nPP1: Cagnoni-Celebrini(C)-Smith-Chernyshov-Wennberg\nPP2: Orlov-Stenberg-Misa-Marchment-Toffoli\n— Max Miller (@Real_Max_Miller)\nSeptember 25, 2026"
2026-09-25 18:56:25,2103551240064164120,@Derek_Lee27,"Sep 25, 2026",https://twitter.com/GameDayLines/status/2103551240064164120,oembed,False,False,"Ducks practice lines (09/25):\nKillorn-Carlsson-Gauthier\nSennecke-Granlund-Klepov\nMyatovic-Poehling-Vatrano\nMalott-Washe-Caulfield\nNesterenko-McQueen-Colangelo\nLaCombe-Jensen\nMintyukov-Luneau\nSolberg-Hinds\nMitchell-Warren\nDostál | Husso | Brossoit\n#FlyTogether\n— Derek Lee (@Derek_Lee27)\nSeptember 25, 2026"
2026-09-25 18:56:25,2103534803320778754,@PensInsideScoop,"Sep 25, 2026",https://twitter.com/GameDayLines/status/2103534803320778754,oembed,False,False,"Special teams work:\nPP1) Karlsson, Crosby, Rakell, Rust, Novak\nPP2) Letang/Girard, Malkin, Chinakhov, Koivunen, Lapierre\nPK units:\nHallander, Dewar, Soloyvov, Korczak\nSoderblom, Robertson, Carlile, van Riemsdyk\n— Pens Inside Scoop (@PensInsideScoop)\nSeptember 25, 2026"
2026-09-25 18:56:25,2103534558477996501,@Bob_Stauffer,"Sep 25, 2026",https://twitter.com/GameDayLines/status/2103534558477996501,oembed,False,False,"The\n@EdmontonOilers\npractice:\nPodkolzin-McDavid-Draisaitl\nHoward-RNH-Hyman\nJones-Frederic-Kapanen\nFormenton-Dach-Joseph\nSamanski-Michaels\nEkholm-Bouchard\nWalman-Murphy\nShea-Mukhamadullin\nStastney-Emberson\nJarry\nLevi\nTomkins\nNot on the ice: Dickinson\n— Bob Stauffer (@Bob_Stauffer)\nSeptember 25, 2026"
2026-09-25 18:56:25,2103529176074473873,@KieserNick,"Sep 25, 2026",https://twitter.com/GameDayLines/status/2103529176074473873,oembed,False,False,"Special teams units today for Nashville\nPP1\nStamkos-O’Reilly-Wood\nJosi-Forsberg\nPP2\nKerfoot-Pinchuk-Marchessault\nUfko-Bourque\n— Nick Kieser🏒 (@KieserNick)\nSeptember 25, 2026"
2026-09-25 18:56:25,2103517767572009371,@Gabby_Shirley_,"Sep 25, 2026",https://twitter.com/GameDayLines/status/2103517767572009371,oembed,False,False,"a look at the\n#Bolts\nlines and D pairings from camp:\nMikheyev - Point - Kucherov\nHagel - Cirelli - Guentzel\nHolmberg - Girgensons - Viel\nGoncalves - Harkins - Geekie\nSabourin\nMoser - Carlson\nMcDonagh - Cernak\nHedman - Crozier\nD’Astous - Lilleberg\n🥅 Vasilevskiy\n🥅…\n— Gabby Shirley (@Gabby_Shirley_)\nSeptember 25, 2026"
2026-09-25 18:56:25,2103517725641646123,@DylanTyrer,"Sep 25, 2026",https://twitter.com/GameDayLines/status/2103517725641646123,oembed,False,False,"#CBJ\npractice lines/pairs:\nMarchenko-Fantilli-Johnson\nGarland-Monahan-Nichushkin\nHeinen-Coyle-Sillinger\nVoronkov-Del Bel Belluz-Lomberg\nWerenski-Mateychuk\nSoucy-Provorov\nChristiansen-Gudbranson\nWhite-Severson\n*No gold jerseys for Del Bel Belluz and Severson.\n— Dylan Tyrer (@DylanTyrer)\nSeptember 25, 2026"
2026-09-25 18:56:25,2103517862879273105,@RobertTiffin,"Sep 25, 2026",https://twitter.com/GameDayLines/status/2103517862879273105,oembed,False,False,"Line rushes at morning skate in the order they went:\nRobertson-Hintz-Seguin\nHryckowian-Johnston-Rantanen\nSteel-Hyry-Benn\nBäck-Faksa-Blackwell\nHarley-Heiskanen\nLindell-Lundkvist\nBichsel-Myers\nDeSmith\nPoirier\nDon’t see Kiviranta out there.\n— Robert Tiffin (@RobertTiffin)\nSeptember 25, 2026"
2026-09-25 18:56:25,2103517509433360806,@baileyycurtis,"Sep 25, 2026",https://twitter.com/GameDayLines/status/2103517509433360806,oembed,False,False,"Good morning from Ball Arena, friends!\nLooks like Mackenzie Blackwood starting preseason game #3 tonight. Ilya Nabokov backing up.\nThe guys are wearing their special teams’ sweaters.\nPP1: MacKinnon, Landeskog, Kadri, Necas, Makar\nPP2: Nelson, Schwartz, Hughes, Lehkonen, Toews\npic.twitter.com/RHWFfhFxZE\n— Bailey Curtis (@baileyycurtis)\nSeptember 25, 2026"
2026-09-25 18:56:25,2103514401236254954,@alexadamsBTP_,"Sep 25, 2026",https://twitter.com/GameDayLines/status/2103514401236254954,oembed,False,False,"Sens lines from practice\n@ComingInHotSens\nBurakovsky-Cozens-Batherson\nEklund-Stutzle-Tomasino\nGiroux-Greig-Amadio\nCousins-Halliday-Blais\nHodgson\nKleven-Yakemchuk\nHutton-Spence\nMatinpalo-Stanley\nBolduc-Crotty\npic.twitter.com/tefbN07kYl\n— Alex Adams (@alexadamsBTP_)\nSeptember 25, 2026"
2026-09-25 21:57:04,2103591512127017396,@patersonjeff,"Sep 25, 2026",https://twitter.com/GameDayLines/status/2103591512127017396,oembed,False,False,"#Canucks\nPP groups at practice\nPP1: EP40, DeBrusk, Boeser, Rossi & Hronek\nPP2: Karlsson, Lekkerimäki, Öhgren, Buium and Willander added in place of Chytil\n— Jeff Paterson (@patersonjeff)\nSeptember 25, 2026"
2026-09-25 21:57:04,2103587545108086960,@ThomasDrance,"Sep 25, 2026",https://twitter.com/GameDayLines/status/2103587545108086960,oembed,False,False,"#Canucks\nskating as follows at open practice Friday:\nDeBrusk-Pettersson-Lekkerimäki\nÖhgren-Rossi-Boeser\nDOC-Sasson-Karlsson\nBains-Cotter-Gallagher\nRäty\nBuium-Hronek\nOleksiak-Willander\nD-Petey -Schenn\nBrisebois-Mancini\nLankinen\nTolopilo\nDriedger\npic.twitter.com/t0eZXna5Ul\n— Thomas Drance (@ThomasDrance)\nSeptember 25, 2026"
2026-09-25 21:57:04,2103582736439242825,@BagleyKSLsports,"Sep 25, 2026",https://twitter.com/GameDayLines/status/2103582736439242825,oembed,False,False,"Lines during practice today:\nKeller - Schmaltz - Trocheck\nGuenther - Cooley - Lee\nCrouse - Hayton - McBain\nCarcone - Stenlund - But\nSergachev - Weegar\nSchmidt - Marino\nSimashev - Peeke\nDeSimone - Duda\n— Cole Bagley (@BagleyKSLsports)\nSeptember 25, 2026"
2026-09-25 21:57:04,2103576448842002559,@vzmercogliano,"Sep 25, 2026",https://twitter.com/GameDayLines/status/2103576448842002559,oembed,False,False,"Power play units are unchanged.\nPP1- Fox, Dorofeyev, Miller, Zibanejad and Lafrenière\nPP2- Durzi, Perreault, Tolvanen, Bjorkstrand and Cuylle\n#NYR\n— Vince Z. Mercogliano (@vzmercogliano)\nSeptember 25, 2026"
2026-09-25 21:57:04,2103575403755696168,@PatGuillet,"Sep 25, 2026",https://twitter.com/GameDayLines/status/2103575403755696168,oembed,False,False,"L’équipe travaille maintenant les unités spéciales. 🏒\nAvantage numérique : Hutson – Suzuki – Caufield – Demidov – Slafkovsky\nDésavantage numérique : Kapanen – Newhook – Struble – Reinbacher\n@DLCoulisses\n#GoHabsGo\n#PowerPlay\n#PenaltyKill\npic.twitter.com/y9U5pGlBHu\n— Patrick Guillet (@PatGuillet)\nSeptember 25, 2026"
2026-09-25 21:57:04,2103570451410854030,@brooksbratten,"Sep 25, 2026",https://twitter.com/GameDayLines/status/2103570451410854030,oembed,False,False,"Vitali Pinchuk getting some power-play time ahead of tomorrow's preseason finale. The\n#Preds\nalso showed some D-pairs during practice:\nSkjei-Josi\nHague-Perbix\nWilsby-Lyubushkin\nMolendyk-Ufko\nAhcan-Barron\nSkinner\nhttps://t.co/tVznSOBAXO\n— Brooks Bratten (@brooksbratten)\nSeptember 25, 2026"
2026-09-25 21:57:04,2103568858829484370,@reporterJD,"Sep 25, 2026",https://twitter.com/GameDayLines/status/2103568858829484370,oembed,False,False,"Oilers PP1: McDavid, Draisaitl, Hyman, Nugent-Hopkins and Bouchard\n— Janson Duench (@reporterJD)\nSeptember 25, 2026"
2026-09-25 21:57:04,2103568354342818014,@SteinbergYYC,"Sep 25, 2026",https://twitter.com/GameDayLines/status/2103568354342818014,oembed,False,False,"#Flames\nat practice Friday with a couple notable extra bodies:\nGridin-Frost-Coronato\nHonzek-Backlund-Farabee\nZary-Strome-Sharangovich\nTsyplakov-Pospisil-Klapka\nNylander-Othmann-Suniev\nBahl-Nemec\nKuznetsov-Whitecloud\nMiddleton-Parekh\nHanley-Pachal\nWolf\nCooley\n— Pat Steinberg (@SteinbergYYC)\nSeptember 25, 2026"
2026-09-25 21:57:04,2103561340493447590,@DooleyLAK,"Sep 25, 2026",https://twitter.com/GameDayLines/status/2103561340493447590,oembed,False,False,"Kings working on 3v3 play today.\nKempe/Panarin/Clarke and Byfield/Zuccarello/Doughty were the first trios used.\nAssociate Coach Phil Housley put a lot of time in over the summer on 3v3 concepts & adjustments. Interested to see what might look different there.\n— Zach Dooley (@DooleyLAK)\nSeptember 25, 2026"
2026-09-25 21:57:04,2103513872145559557,@vzmercogliano,"Sep 25, 2026",https://twitter.com/GameDayLines/status/2103513872145559557,oembed,False,False,"Greetings from the\n#NYR\nmorning skate. It looks like all the guys who are in the running for the final roster spots are on the ice, most of which will play tonight.\nPerreault - Zibanejad - Lafrenière\nDorofeyev - Miller - Bjorkstrand\nCuylle - Laba - Tolvanen\nKartye/Raddysh -…\n— Vince Z. Mercogliano (@vzmercogliano)\nSeptember 25, 2026"
2026-09-25 21:57:04,2103513662296096830,@amandacstein,"Sep 25, 2026",https://twitter.com/GameDayLines/status/2103513662296096830,oembed,False,False,"Here's a look at how the\n#NJDevils\nare skating today, likely also how they'll line up tomorrow against the Islanders in the preseason finale.\nNico Daws has the day off, the Devils EBUG is sharing duties with Jake Allen today.\nhttps://t.co/DuoYqTSgkk\npic.twitter.com/xWICLYAbn6\n— Amanda Stein (@amandacstein)\nSeptember 25, 2026"
2026-09-25 21:57:04,2103513694525325567,@stefen_rosner,"Sep 25, 2026",https://twitter.com/GameDayLines/status/2103513694525325567,oembed,False,False,"#Isles\nnon-game lines\n@bullsmithsli\n:\nHolmstrom-Horvat-Palmieri\nMaccelli-Ritchie-Schenn\nEklund-Pageau-Palat\nPelech-Schaefer\nWarren-Mayfield\nSorokin\nVanecek\n— Stefen Rosner (@stefen_rosner)\nSeptember 25, 2026"
2026-09-25 21:57:04,2103513566544613510,@kalenalumpkins,"Sep 25, 2026",https://twitter.com/GameDayLines/status/2103513566544613510,oembed,False,False,"Blackhawks lines and pairs are the same:\nKantserov-Nazar-Kane\nBertuzzi-Frondell-Lardis\nDonato-Moore-Mangiapane\nSmith-Greene-Slaggert\nVlasic-Byram\nKaiser-Levshunov\nCole-Rinzel\nKorchinski-Del Mastro\nKnight\nSöderblom, Commesso\n— Kalen Lumpkins (@kalenalumpkins)\nSeptember 25, 2026"
2026-09-25 21:57:04,2103513228286235099,@WiebesWorld,"Sep 25, 2026",https://twitter.com/GameDayLines/status/2103513228286235099,oembed,False,False,"#NHLJets\nrushes this am:\nConnor-Scheifele-Perfetti\nRosen-Bjorck-Vilardi\nBarron-Lowry-Lambert\nNiederreiter-Namestnikov-Iafallo\nExtras: Yager, Koepke, Zhilkin.\nMorrissey-DeMelo\nSamberg-Pionk\nFerraro-Bauer\nFleury-St. Ivany\nThrun\nSkinner\nDiVincentiis\n— Ken Wiebe (@WiebesWorld)\nSeptember 25, 2026"
2026-09-25 21:57:04,2103513193868120238,@RussoHockey,"Sep 25, 2026",https://twitter.com/GameDayLines/status/2103513193868120238,oembed,False,False,"#mnwild\nlines for tonight\nColeman-Eriksson Ek-Boldy\nKaprizov-Yurov-Shabanov\nTrenin-Hartman-Brink\nBaby Bro-McCarron-Big Bro\nHughes-Faber\nBrodin-Spurgeon\nMaatta-Bogosian\n— Michael Russo (@RussoHockey)\nSeptember 25, 2026"
2026-09-25 22:09:41,2103512834609233957,@AnsarKhanMLive,"Sep 25, 2026",https://twitter.com/GameDayLines/status/2103512834609233957,oembed,False,False,"#RedWings\nlines in practice before tomorrow’s preseason finale vs. CBJ at LCA (7, DSN):\nDeBrincat-Copp-Raymond\nFinnie-Kasper-Arvidsson\nRasmussen-Conpher-Kolesar\nAppleton-Danielson-MBN\nLarkin\nThe 7 D: Seider, Chiarot, Faulk, Albert and Anton Johansson. ASP. Edvinsson (unsigned).\npic.twitter.com/64QusXSdCn\n— Ansar Khan (@AnsarKhanMLive)\nSeptember 25, 2026"
2026-09-25 22:09:41,2103512939739455661,@JoeSmithNHL,"Sep 25, 2026",https://twitter.com/GameDayLines/status/2103512939739455661,oembed,False,False,"Looks like Max Shabanov on\n#mnwild\ntop PP (with Kaprizov, Boldy, Hughes, Eriksson Ek).\nPP2: Faber, Hartman, Brink, Coleman, Yurov\n— Joe Smith (@JoeSmithNHL)\nSeptember 25, 2026"
2026-09-25 22:09:41,2103513056798281884,@sammisilber,"Sep 25, 2026",https://twitter.com/GameDayLines/status/2103513056798281884,oembed,False,False,"Caps lines will look like this tonight, btw, with Frank filling in for Ovechkin.\nFrank-Strome-Leonard\nTuch-Dubois-Wilson\nA. Protas-I. Protas-Kyrou\nJenner-Sourdif-Beauvillier\nChychrun-Roy\nHutson-Desharnais\nFehervary-Liljegren\nThompson will play full game. Stevenson backs up.\n— Sammi Silber 🏒 (@sammisilber)\nSeptember 25, 2026"
2026-09-25 23:15:30,2103621928913388004,@NHLBruins,"Sep 25, 2026",https://twitter.com/GameDayLines/status/2103621928913388004,oembed,False,True,"How we’re lining up for our final preseason game ⤵️\npic.twitter.com/SPQUzgA16x\n— Boston Bruins (@NHLBruins)\nSeptember 25, 2026"
2026-09-26 00:25:29,2103639709939601644,@baileyycurtis,"Sep 25, 2026",https://twitter.com/GameDayLines/status/2103639709939601644,oembed,False,False,"Colorado Avalanche warm-up line rushes, preseason game #3:\nLandeskog - MacKinnon - Necas\nLehkonen - Nelson - Kadri\nBrindley - Hughes - Schwartz\nKelly - Svechkov - T. Makar\nToews - C. Makar\nKulak - Malinski\nAamodt - Juulsen\nBlackwood (starting)\nNabokov\n— Bailey Curtis (@baileyycurtis)\nSeptember 26, 2026"
2026-09-26 00:25:29,2103639975439057223,@hlrule,"Sep 25, 2026",https://twitter.com/GameDayLines/status/2103639975439057223,oembed,False,False,"Wild's first power-play unit tonight: Boldy, Eriksson Ek, Kaprizov, Shabanov, Hughes.\n— Heather Rule (@hlrule)\nSeptember 26, 2026"
2026-09-26 15:20:34,2103865112079614015,@CHGO_Blackhawks,"Sep 26, 2026",https://twitter.com/GameDayLines/status/2103865112079614015,oembed,False,False,"Probable lines and pairs tonight, a bit screwy in rushes, but best guess:\nBertuzzi-Frondell-Mangiapane\nDonato-Moore-Greene\nTeräväinen-Kantserov-Lardis\nSmith-Toninato-Boucher\nVlasic-Byram\nDel Mastro-Levshunov\nCole-Rinzel\nKnight\n— CHGO Blackhawks (@CHGO_Blackhawks)\nSeptember 26, 2026"
2026-09-26 15:20:34,2103865369714676207,@AnsarKhanMLive,"Sep 26, 2026",https://twitter.com/GameDayLines/status/2103865369714676207,oembed,False,False,"#RedWings\npower play:\n1. Arvidsson/Copp (net front/bumper rotating), DeBrincat-Raymond (flanks), Seider (point).\n2. MBN/Kasper (net front/bumper rotating), ASP- Finnie (flanks), Faulk (point).\npic.twitter.com/uOj5ktFnnf\n— Ansar Khan (@AnsarKhanMLive)\nSeptember 26, 2026"
2026-09-26 15:20:34,2103865417236172876,@BrianHedger,"Sep 26, 2026",https://twitter.com/GameDayLines/status/2103865417236172876,oembed,False,False,"#CBJ\nline/D this morning vs.\n#LGRW\nMarchenko-Sillinger-Johnson\nNichushkin-Monahan-Garland\nHeinen-Coyle-Olivier\nWilliams-Del Bel Belluz-Lomberg\nWerenski-Mateychuk\nSoucy-Provorov\nChristiansen-Gudbranson\n— Brian Hedger (@BrianHedger)\nSeptember 26, 2026"
2026-09-26 15:20:34,2103865569338413140,@AnsarKhanMLive,"Sep 26, 2026",https://twitter.com/GameDayLines/status/2103865569338413140,oembed,False,False,"#RedWings\nlines at the skate:\nDeBrincat-Copp-Raymond\nFinnie-Kasper-Arvidsson\nRasmussen-Compher-Kolesar\nMazur-Danielson-MBN\nLarkin/Appleton\nThe 8 D skating: Seider, Chiarot, Faulk, ASP, Albert and Anton Johansson, Wallinder and Edvinsson (unsigned).\npic.twitter.com/RGthd6Faw9\n— Ansar Khan (@AnsarKhanMLive)\nSeptember 26, 2026"
2026-09-26 16:00:40,2103875188769108331,@amandacstein,"Sep 26, 2026",https://twitter.com/GameDayLines/status/2103875188769108331,oembed,False,False,"#NJDevils\nPP1: Nico, Jack, Bratt and Luke x2.\nPP2: Dougie, Timo, Grits, Rodrigues and Mantha.\n— Amanda Stein (@amandacstein)\nSeptember 26, 2026"
2026-09-26 16:00:40,2103875353189949518,@amandacstein,"Sep 26, 2026",https://twitter.com/GameDayLines/status/2103875353189949518,oembed,False,False,"Based on AM skate, here's what you can expect from\n#NJDevils\nin their final preseason game.\nLombardi will get a third chance to audition for an Opening Night roster spot.\nNoesen and Boqvist have already played their max two preseason games.\nJake Allen to play full game.\npic.twitter.com/vCk8N9mnpy\n— Amanda Stein (@amandacstein)\nSeptember 26, 2026"
2026-09-26 16:05:25,2103877452078485938,@KenzieTSN,"Sep 26, 2026",https://twitter.com/GameDayLines/status/2103877452078485938,oembed,False,False,"Expected\n#Habs\nlineup tonight at the Bell Centre against the\n#Sens\n:\nCaufield-Suzuki-Kreider\nNewhook-Danault-Slafkovsky\nTexier-Evans-Anderson\nF.Xhekaj-Beck-Thorpe\nMatheson-Dobson\nCarrier-Mittelstadlt\nSzuber-Samson\nFowler\nMontembeault\n— Kenzie Lalonde (@KenzieTSN)\nSeptember 26, 2026"
2026-09-26 17:15:26,2103893890046529884,@jprutherford,"Sep 26, 2026",https://twitter.com/GameDayLines/status/2103893890046529884,oembed,False,False,"#stlblues\nprojected lineup vs. Chicago:\nHolloway-Thomas-Snuggerud\nBuchnevich-McTavish-McMichael\nNeighbours-Dvorsky-Berggren\nToropchenko-Suter-Dean\nBroberg-Mailloux\nLindstein-Parayko\nFowler-Carlo\nHofer\nRomanov\n— Jeremy Rutherford (@jprutherford)\nSeptember 26, 2026"
2026-09-26 17:50:31,2103903205591589217,@CurtisPashelka,"Sep 26, 2026",https://twitter.com/GameDayLines/status/2103903205591589217,oembed,False,False,"#SJSharks\nlines in AM skate\nMarchment-Celebrini-Smith\nStenberg-Wennberg-Graf\nToffoli-Misa-Chernyshov\nGoodrow-Ostapchuk-Sherwood\nDellandrea-Leason\n— Curtis Pashelka (@CurtisPashelka)\nSeptember 26, 2026"
2026-09-26 17:50:31,2103903318451855712,@dwillsnhl,"Sep 26, 2026",https://twitter.com/GameDayLines/status/2103903318451855712,oembed,False,False,"#Flames\npower play units ⬇️\nPP1:\nFarabee-Frost-Coronato-Gridin\nParekh\nPP2:\nTsyplakov-Strome-Zary-Sharangovich\nNemec\n— Derek Wills (@dwillsnhl)\nSeptember 26, 2026"
2026-09-26 17:50:31,2103903423296868494,@dwillsnhl,"Sep 26, 2026",https://twitter.com/GameDayLines/status/2103903423296868494,oembed,False,False,"#Flames\nat morning skate ahead of tonight’s pre-season finale vs.\n#LetsGoOilers\n:\nGridin-Frost-Coronato\nHonzek-Backlund-Farabee\nZary-Strome-Sharangovich\nTsyplakov-Pospisil-Klapka\nOthmann\nBahl-Nemec\nMiddleton-Parekh\nKuznetsov-Whitecloud\nWiebe\nWolf (Starter)\nSergeev\npic.twitter.com/P2nXuSgw7O\n— Derek Wills (@dwillsnhl)\nSeptember 26, 2026"
2026-09-26 17:55:23,2103904149167321338,@Sheng_Peng,"Sep 26, 2026",https://twitter.com/GameDayLines/status/2103904149167321338,oembed,False,False,"#SJSharks\nmorning skate power play lines, an indication that Cagnoni & Pohlkamp aren't playing in Vegas tonight:\nPP1: Orlov-Celebrini-Smith-Chernyshov-Wennberg\nPP2: Trouba-Misa-Stenberg-Toffoli-Marchment\n— Sheng Peng (@Sheng_Peng)\nSeptember 26, 2026"
2026-09-26 18:00:34,2103905524748284049,@Real_Max_Miller,"Sep 26, 2026",https://twitter.com/GameDayLines/status/2103905524748284049,oembed,False,False,"Now Cagnoni is getting run with the top unit.\n#SJSharks\n— Max Miller (@Real_Max_Miller)\nSeptember 26, 2026"
2026-09-26 18:50:28,2103919111080431627,@AlexDaugherty1,"Sep 26, 2026",https://twitter.com/GameDayLines/status/2103919111080431627,oembed,False,False,"Predators lines today vs Hurricanes:\nStamkos O'Reilly Kerfoot\nForsberg Wood Hoglander\nPinchuk Bourque Marchessault\nColton Drury Edstrom\nSkjei Josi\nHague Wilsby\nAhcan Lyubushkin\nSaros\n— Alex Daugherty (@AlexDaugherty1)\nSeptember 26, 2026"
2026-09-26 18:50:28,2103919155317751809,@rachelmlenzi,"Sep 26, 2026",https://twitter.com/GameDayLines/status/2103919155317751809,oembed,False,False,"#Sabres\nlines/defensive pairings, ahead of the final preseason game vs. Pitsburgh:\nKrebs-Thompson-Doan\nBenson-Ostlund-Quinn\nMcLeod-Norris-Helenius\nKozak-Carrick-Malenstyn\nDahlin-Crevier\nPower-Metsa\nTimmins-Grzelcyk\nUPL\nEllis\n— Rachel Lenzi 💁🏻‍♀️😎💥 (@rachelmlenzi)\nSeptember 26, 2026"
2026-09-26 19:10:31,2103923918293831778,@TheDanKingerski,"Sep 26, 2026",https://twitter.com/GameDayLines/status/2103923918293831778,oembed,False,False,"Penguins Lines:\nRobertson-Crosby-Rakell\nChinakhov-Novak-Malkin\nKoivunen-Lapierre-Rust\n**McGroarty-Broz-Hallander\nCarlile-Karlsson\nGirard-Korczak\nTVR-Letang\nSilovs\n— Dan Kingerski (@TheDanKingerski)\nSeptember 26, 2026"
2026-09-26 19:10:31,2103923932147368308,@WaltRuff,"Sep 26, 2026",https://twitter.com/GameDayLines/status/2103923932147368308,oembed,False,False,"Here's how the\n#Canes\nline up for their preseason finale in Nashville —\nSvechnikov - Aho - Unger Sorum\nHall - Stankoven - Blake\nEhlers - Staal - Martinook\nCarrier - Jankowski - Robinson\nSlavin - Chatfield\nMiller - Walker\nGostisbehere - Legault\nBussi\n[Backup: Primeau]\npic.twitter.com/Z6pOOQ0uit\n— Walt Ruff (@WaltRuff)\nSeptember 26, 2026"
2026-09-26 19:20:26,2103926172673532090,@Real_Max_Miller,"Sep 26, 2026",https://twitter.com/GameDayLines/status/2103926172673532090,oembed,False,False,"#SJSharks\nrunning some 6-on-5 now:\nCagnoni-Celebrini-Smith-Stenberg-Chernyshov-Wennberg\n— Max Miller (@Real_Max_Miller)\nSeptember 26, 2026"
2026-09-26 20:16:06,2103938221830799664,@DooleyLAK,"Sep 26, 2026",https://twitter.com/GameDayLines/status/2103938221830799664,oembed,False,False,"Today's\n@LAKings\nLine Rushes -\nPanarin - Byfield - Kempe\nLaferriere - Turcotte - Zuccarello\nMoore - Haula - Laughton\nLee - Helenius - Armia\nDumoulin - Doughty\nKirsanov - Clarke\nAnderson - Ceci\nKuemper\nPortillo\n— Zach Dooley (@DooleyLAK)\nSeptember 26, 2026"
2026-09-26 20:16:06,2103938253745184989,@AnaheimDucks,"Sep 26, 2026",https://twitter.com/GameDayLines/status/2103938253745184989,oembed,False,False,"Here's who we fly with:\n⚔️\nKillorn-Carlsson-Gauthier\nSennecke-Granlund-Klepov\nMyatovic-Poehling-Vatrano\nNesterenko-Washe-Caulfield\n🛡️\nLaCombe-Hinds\nMitchell-Luneau\nSolberg-Jensen\n🥅\nDostal-Husso\n— Anaheim Ducks (@AnaheimDucks)\nSeptember 26, 2026"
2026-09-26 20:45:28,2103947418635243997,@JHallNBCS,"Sep 26, 2026",https://twitter.com/GameDayLines/status/2103947418635243997,oembed,False,False,"Flyers in warmups:\nF\nTippett-Zegras-Martone\nBump-Dvorak-Michkov\nKonecny-Cates-Foerster\nWilson-Couturier-Acciari\nD\nSanheim-Ristolainen\nYork-Drysdale\nSeeler-Jiricek\nG\nKolosov (full game)\nPerets\n— Jordan Hall (@JHallNBCS)\nSeptember 26, 2026"
2026-09-26 20:45:28,2103947573061144926,@utahmammoth,"Sep 26, 2026",https://twitter.com/GameDayLines/status/2103947573061144926,oembed,False,True,"Who’s excited?!\nToday’s lineup ⬇️\npic.twitter.com/qG7bAUWD3M\n— Utah Mammoth (@utahmammoth)\nSeptember 26, 2026"
2026-09-26 20:50:27,2103947992147603559,@engelheather,"Sep 26, 2026",https://twitter.com/GameDayLines/status/2103947992147603559,oembed,False,False,"Lindy shuffling the top three lines here in the second period:\nBenson-Östlund-Thompson\nDoan-Norris-Quinn\nKrebs-McLeod-Helenius\n— Heather Engel (@engelheather)\nSeptember 26, 2026"
2026-09-26 21:15:34,2103954483302867174,@jkamckenzie,"Sep 26, 2026",https://twitter.com/GameDayLines/status/2103954483302867174,oembed,False,False,"Okay so there’s some errors in this game sheet. The\n#Sens\nhave since clarified.\nEklund-Stützle-Zetterlund\nBurakovsky-Cozens-Batherson\nAmadio-Halliday-Giroux\nCousins-Bakke Olsen-Hodgson\nChabot-Spence\nSanderson-Stanley\nKleven-Yakemchuk\nUllmark\nParsons\nhttps://t.co/pXgoZdvXJa\n— Julian McKenzie (@jkamckenzie)\nSeptember 26, 2026"
2026-09-26 21:45:29,2103961910664429959,@DooleyLAK,"Sep 26, 2026",https://twitter.com/GameDayLines/status/2103961910664429959,oembed,False,False,"Erik Haula comes out of a scrum in front bleeding.\nFirst Kings PP of the game and first chance to see the top unit together.\nClarke, Panarin, Byfield, Kempe, Zuccarello\n— Zach Dooley (@DooleyLAK)\nSeptember 26, 2026"
2026-09-26 21:45:29,2103962135806251063,@Derek_Lee27,"Sep 26, 2026",https://twitter.com/GameDayLines/status/2103962135806251063,oembed,False,False,"Looks like Nikita Klepov and Nico Myatovic have swapped lines here in the second. Tyson Hinds and Travis Mitchell have swapped pairs as well.\n#FlyTogether\nhttps://t.co/noXGoCpdid\n— Derek Lee (@Derek_Lee27)\nSeptember 26, 2026"
2026-09-26 22:50:34,2103978129576616159,@AnsarKhanMLive,"Sep 26, 2026",https://twitter.com/GameDayLines/status/2103978129576616159,oembed,False,False,"#RedWings\nlines for preseason finale vs. CBJ at 7 on DSN:\nDeBrincat-Copp-Raymond\nFinnie-Kasper-Arvidsson\nRasmussen-Compher-Kolesar\nMazur-Danielson-MBN\nAlbert Johansson-Seider\nAnton Johansson-Faulk\nASP-Chiarot\nGibson (full game); Gylander backup.\npic.twitter.com/GfjlsOFbXq\n— Ansar Khan (@AnsarKhanMLive)\nSeptember 26, 2026"
2026-09-26 22:50:34,2103979038939496610,@BatchHockey,"Sep 26, 2026",https://twitter.com/GameDayLines/status/2103979038939496610,oembed,False,False,"Warmup\n#Canucks\nlines vs.\n@SeattleKraken\nDeBrusk. EP40. Lekkerimäki.\nÖhgren. Rossi. Boeser.\nO’Connor. Sasson. Karlsson.\nBains. Cotter. Gallagher.\nBuium. Hronek.\nOleksiak. Willander.\nEP25. Schenn.\n🥅Lankinen🥅\n4pm on\n@KiSSWestCoast\nand Seekr\npic.twitter.com/BWLRJ6VY07\n— Brendan Batchelor (@BatchHockey)\nSeptember 26, 2026"
2026-09-26 23:30:32,2103988523246494091,@jkamckenzie,"Sep 26, 2026",https://twitter.com/GameDayLines/status/2103988523246494091,oembed,False,False,"#Sens\nare running a PP1 of Stützle-Batherson-Eklund-Cozens-Sanderson\n— Julian McKenzie (@jkamckenzie)\nSeptember 26, 2026"
2026-09-26 23:30:32,2103988531194720445,@jkamckenzie,"Sep 26, 2026",https://twitter.com/GameDayLines/status/2103988531194720445,oembed,False,False,"PP2 unit: Burakovsky-Zetterlund-Giroux-Chabot-Yakemchuk.\n— Julian McKenzie (@jkamckenzie)\nSeptember 26, 2026"
2026-09-26 23:30:32,2103988929888465155,@stefen_rosner,"Sep 26, 2026",https://twitter.com/GameDayLines/status/2103988929888465155,oembed,False,False,"#Isles\nlines vs.\n#NJDevils\n@bullsmithsli\n:\nHolmstrom-Horvat-Maccelli\nDuclair-Ritchie-Eklund\nPalmieri-Pageau-Heineman\nPalat-Cizikas\nD rotating\nPelech-Kessel\nRomanov-Pulock\nGeorge-Mayfield\nAitcheson\nSorokin\nVanecek\n— Stefen Rosner (@stefen_rosner)\nSeptember 26, 2026"
2026-09-27 00:05:27,2103998070199628278,@AGrossNewsday,"Sep 26, 2026",https://twitter.com/GameDayLines/status/2103998070199628278,oembed,False,False,"No Schaefer and no DeAngelo in lineup tonight so no d-man on first PP. Five forwards\nMaccelli\nHolmstrom-Horvat-Ritchie\nPalmieri\nSecond PP\nAitcheson\nPalat-Eklund-Heineman\nCulair\n— Andrew Gross (@AGrossNewsday)\nSeptember 26, 2026"
2026-09-27 01:21:05,2104016797674676657,@m_bultman,"Sep 26, 2026",https://twitter.com/GameDayLines/status/2104016797674676657,oembed,False,False,"Compher with Finnie and Arvidsson to start the third. Kasper with Rasmussen and Kolesar\n— Max Bultman (@m_bultman)\nSeptember 27, 2026"
2026-09-27 01:55:28,2104026045863297133,@SanJoseSharksPR,"Sep 26, 2026",https://twitter.com/GameDayLines/status/2104026045863297133,oembed,False,False,"Here’s how the\n#SJSharks\nare lining up for the preseason finale.\n#TurnItAllTeal\npic.twitter.com/A8oU9P5l3r\n— San Jose Sharks PR (@SanJoseSharksPR)\nSeptember 27, 2026"
2026-09-27 02:01:07,2104026202361221394,@JesseGranger_,"Sep 26, 2026",https://twitter.com/GameDayLines/status/2104026202361221394,oembed,False,False,"Golden Knights lineup for the final preseason game vs SJS:\nBarbashev–Eichel–Stone\nHowden–Karlsson–Marner\nConnelly–Hertl–Olofsson\nBowman–Dowd–Gatcomb\nMcNabb–Theodore\nWotherspoon–Andersson\nLauzon–Hanifin\nHart\nMoysevich\n— Jesse Granger (@JesseGranger_)\nSeptember 27, 2026"
2026-09-27 03:05:27,2104043078856417579,@TSNRyanRishaug,"Sep 26, 2026",https://twitter.com/GameDayLines/status/2104043078856417579,oembed,False,False,"Howard and Kapanen swapped a few shifts into the 2nd period. Kapanen really has it going and Howard has been working hard but fought the puck a bit early in the 2nd.\n— Ryan Rishaug (@TSNRyanRishaug)\nSeptember 27, 2026"
2026-09-27 03:10:34,2104044159950794823,@RyanNPike,"Sep 26, 2026",https://twitter.com/GameDayLines/status/2104044159950794823,oembed,False,False,"Final dress rehearsal,\n#Flames\nand Oilers!\npic.twitter.com/mqohYgsDgO\n— Ryan Pike (@RyanNPike)\nSeptember 27, 2026"
2026-09-27 03:10:34,2104044592178016733,@EdmontonOilers,"Sep 26, 2026",https://twitter.com/GameDayLines/status/2104044592178016733,oembed,False,False,"The\n#Oilers\nwill dress a veteran-filled lineup against the Flames in their final game of the preseason.\n@PlayAlbertaCA\n|\n#LetsGoOilers\npic.twitter.com/zBGBi6XWM3\n— Edmonton Oilers (@EdmontonOilers)\nSeptember 26, 2026"
2026-09-27 03:35:27,2104050135437353028,@h_kirk6,"Sep 26, 2026",https://twitter.com/GameDayLines/status/2104050135437353028,oembed,False,False,"No go on the power play.\nNoah Hanifin got some reps on PP2. Braeden Bowman came off.\n— Hannah Kirkell (@h_kirk6)\nSeptember 27, 2026"
2026-09-28 16:32:50,2104587334201295268,@smclaughlin9,"Sep 28, 2026",https://twitter.com/GameDayLines/status/2104587334201295268,oembed,False,False,"Bruins lines at Monday practice:\nPeterka-Lindholm-Pastrnak\nMittelstadt-Zacha-Geekie\nHagens-Minten-Khusnutdinov\nJeannot-Kuraly-Kastelic\nEyssimont\nLindholm-Borgen\nZadorov-Clifton\nAspirot-Lohrei\nBrunet-McAvoy\nSwayman\nDiPietro\npic.twitter.com/pbBLFOyuyN\n— Scott McLaughlin (@smclaughlin9)\nSeptember 28, 2026"
2026-09-28 16:32:50,2104591513489715243,@CHGO_Blackhawks,"Sep 28, 2026",https://twitter.com/GameDayLines/status/2104591513489715243,oembed,False,False,"Blackhawks lines and pairs today:\nMoore-Kantserov-Kane\nBertuzzi-Frondell-Mangiapane\nDonato-Nazar-Lardis\nSmith-Greene-Greenway\nVlasic-Byram\nKaiser-Levshunov\nCole-Rinzel\nKorchinski-Del Mastro\nKnight/Söderblom\n— CHGO Blackhawks (@CHGO_Blackhawks)\nSeptember 28, 2026"
2026-09-28 16:32:50,2104591810471297499,@RyanHenkel_,"Sep 28, 2026",https://twitter.com/GameDayLines/status/2104591810471297499,oembed,False,False,"Canes practice lines (9/28):\nSvechnikov-Aho-Robinson\nHall-Stankoven-Blake\nEhlers-Staal-Martinook\nDeslauriers-Jankowski-Carrier\nKotkaniemi-Jarvis\nSlavin-Chatfield\nMiller-Walker\nGostisbehere-Legault\nReilly\nBussi\nKochetkov\nPrimeau\n— Ryan Henkel (@RyanHenkel_)\nSeptember 28, 2026"
2026-09-28 16:32:50,2104591848937603173,@Gabby_Shirley_,"Sep 28, 2026",https://twitter.com/GameDayLines/status/2104591848937603173,oembed,False,False,"a look at the\n#Bolts\nlines and D pairings from practice:\nMikheyev - Point - Kucherov\nHagel - Cirelli - Guentzel\nViel - Girgensons - Holmberg\nGoncalves - Harkins - Geekie\nSabourin and Rautiainen\nMoser - Carlson\nD’Astous - Lilleberg\nHedman - Crozier\nMcDonagh - Cernak\n— Gabby Shirley (@Gabby_Shirley_)\nSeptember 28, 2026"
2026-09-28 16:32:50,2104591927878296051,@JamesonCoop,"Sep 28, 2026",https://twitter.com/GameDayLines/status/2104591927878296051,oembed,False,False,"#FlaPanthers\npractice lines 👇\nB. Tkachuk - Barkov - Reinhart\nVerhaeghe - Bennett - M. Tkachuk\nLuostarinen - Lundell - Vilmanis\nImama - Eller - Hathaway\nForsling - Ekblad\nMikkola - Jones\nKulikov - Gudas\nBalinskis\nMarkstrom\nSchmid\n— Jameson Olive (@JamesonCoop)\nSeptember 28, 2026"
2026-09-28 16:32:50,2104592171538190584,@rustymac26,"Sep 28, 2026",https://twitter.com/GameDayLines/status/2104592171538190584,oembed,False,False,"#NHLBruins\nPP1:\nLindholm\nPeterka-Zacha-Pastrnak\nGeekie\nTons, and I mean tons, of movement and fluidity.\n— Russ Macias (@rustymac26)\nSeptember 28, 2026"
2026-09-28 16:32:50,2104592265243197739,@BenjaminJReport,"Sep 28, 2026",https://twitter.com/GameDayLines/status/2104592265243197739,oembed,False,True,"PP1: Carlson up top, Hagel on the left and Kucherov on the right. Point in the bumper, Guentzel net front.\nPP2: Hedman up top, Geekie left circle and Goncalves on the right. Cirelli bumper, Holmberg at the net.\npic.twitter.com/22JJyfaghp\n— Benjamin Pierce (@BenjaminJReport)\nSeptember 28, 2026"
2026-09-28 16:32:50,2104592444314517694,@ComingInHotSens,"Sep 28, 2026",https://twitter.com/GameDayLines/status/2104592444314517694,oembed,False,False,"#Sens\nlines from practice:\nFoegele-Stutzle-Batherson\nEklund-Cozens-Zetterlund\nAmadio-Pinto-Giroux\nCousins-Halliday-Hodgson\nGreig\nChabot-Spence\nKleven-Yakemchuk\nCrotty-Matinpalo\nHutton-Stanley\nNo Burakovsky or Sanderson\npic.twitter.com/UTBq9QyDs1\n— Coming In Hot (@ComingInHotSens)\nSeptember 28, 2026"
2026-09-28 16:32:50,2104593098621763789,@davidalter,"Sep 28, 2026",https://twitter.com/GameDayLines/status/2104593098621763789,oembed,False,False,"Leafs lines during practice Sept 28/26\nKnies-Matthews-Roslovic\nMcKenna-Tavares-Nylander\nCowan-Paul-Sissons\nDuhaime-Blueger-MacEwen\nExtra: Groulx, Joshua\nRielly-Raddysh\nMcCabe-Tanev\nOEL-Stecher\nAndrae-Blankenburg\nBobrovsky\nStolarz\n@Ozoon_CA\npic.twitter.com/C1OPCixlAI\n— David Alter (@davidalter)\nSeptember 28, 2026"
2026-09-28 16:32:50,2104593280126398734,@amandacstein,"Sep 28, 2026",https://twitter.com/GameDayLines/status/2104593280126398734,oembed,False,False,"A look at today's\n#NJDevils\nlineup from their opening drills.\nNo changes from the last preseason game.\nBoqvist and Noesen serving as a fourth defensive pairing.\npic.twitter.com/a492KXBsU1\n— Amanda Stein (@amandacstein)\nSeptember 28, 2026"
2026-09-28 16:32:50,2104594068810682831,@DylanTyrer,"Sep 28, 2026",https://twitter.com/GameDayLines/status/2104594068810682831,oembed,False,False,"First week of the regular season\n#CBJ\nlines/pairs!\nMarchenko-Fantilli-Johnson\nNichushkin-Monahan-Garland\nSillinger-Coyle-Olivier\nLomberg-Del Bel Belluz-Voronkov\nHeinen-Williams\nWerenski-Mateychuk\nSoucy-Severson\nChristiansen-Gudbranson\n*No Provorov\nGreaves\nTalbot\npic.twitter.com/8YpDuT02e9\n— Dylan Tyrer (@DylanTyrer)\nSeptember 28, 2026"
2026-09-28 16:32:50,2104594702444245381,@J_McPherson1126,"Sep 28, 2026",https://twitter.com/GameDayLines/status/2104594702444245381,oembed,False,False,"#FlaPanthers\npower play units…\nPP1: Barkov, M. Tkachuk, B. Tkachuk, Reinhart, Jones\nPP2: Bennett, Verhaeghe, Lundell, Luostarinen, Ekblad\n— Jordan McPherson (@J_McPherson1126)\nSeptember 28, 2026"
2026-09-28 16:32:50,2104594920266965252,@RyanHenkel_,"Sep 28, 2026",https://twitter.com/GameDayLines/status/2104594920266965252,oembed,False,False,"PP1: Gostisbehere, Aho, Svechnikov, Blake, Staal/Ehlers\nPP2: Miller, Hall, Ehlers, Stankoven, Staal/Jankowski\n— Ryan Henkel (@RyanHenkel_)\nSeptember 28, 2026"
2026-09-28 16:32:50,2104595458941219202,@davidalter,"Sep 28, 2026",https://twitter.com/GameDayLines/status/2104595458941219202,oembed,False,False,"Leafs PP Units Sept. 28/26\nRaddysh\nNylander-Roslovic-Matthews\nTavares\nRielly\nCowan-Paul-McKenna\nKnies\npic.twitter.com/arIHVywlOE\n— David Alter (@davidalter)\nSeptember 28, 2026"
2026-09-28 16:32:50,2104596063843979509,@ColinSNewsday,"Sep 28, 2026",https://twitter.com/GameDayLines/status/2104596063843979509,oembed,False,False,"Rempe taking the reps on the fourth line.\nBjorkstrand-Miller-Dorfeyev\nPerreault-Zibanejad-Lafreniere\nCuylle-Laba-Tolvanen\nKartye-Veleno-Rempe\nGavrikov-Fox\nPettersson-Durzi\nSmits-Schneider\nRobertson-Morrow\nChmelar is the extra forward.\n— Colin Stephenson (@ColinSNewsday)\nSeptember 28, 2026"
2026-09-28 16:34:35,2104597056199254508,@CRoumeliotis,"Sep 28, 2026",https://twitter.com/GameDayLines/status/2104597056199254508,oembed,False,False,"#Blackhawks\npower-play units:\nPP1:\nBertuzzi\nKane-Kantserov-Frondell\nByram\nPP2:\nDonato\nMoore-Nazar-Lardis\nRinzel\n— Charlie Roumeliotis (@CRoumeliotis)\nSeptember 28, 2026"
2026-09-28 16:34:35,2104597715871272961,@ColinSNewsday,"Sep 28, 2026",https://twitter.com/GameDayLines/status/2104597715871272961,oembed,False,False,"PP1 looks the same: Fox-Mika-Dorofeyev-JT-Laf.\nPP2 looks the same, too: Durzi-Bjorktrand-Gabe-Tolvanen-Cuylle.\nI'm wondering how well the goalies can see the puck, though -- the lights are kinda weak.\n— Colin Stephenson (@ColinSNewsday)\nSeptember 28, 2026"
2026-09-28 16:34:35,2104602327524991205,@KenzieTSN,"Sep 28, 2026",https://twitter.com/GameDayLines/status/2104602327524991205,oembed,False,False,"Line rushes\n#Habs\nCAUFIELD - SUZUKI- KREIDER\nSLAFKOVSKY-NEWHOOK-DEMIDOV\nTEXIER-DANAULT-DACH\nBOLDUC-EVANS-ANDERSON\nF.XHEKAJ\nMATHESON-DOBSON\nHUTSON-CARRIER\nSTRUBLE -XHEKAJ\n(GUHLE)- ENGSTROM\nDOBES\nMONTEMBEAULT\n*Kapanen absent\n— Kenzie Lalonde (@KenzieTSN)\nSeptember 28, 2026"
2026-09-28 17:02:32,2104616028164526259,@mark_scheig,"Sep 28, 2026",https://twitter.com/GameDayLines/status/2104616028164526259,oembed,False,False,"#CBJ\nPP1: Werenski, Marchenko, Fantilli, Coyle, Johnson.\nPP2: Mateychuk, Garland, Monahan, Nichushkin, Sillinger/Voronkov rotating.\n— Mark Scheig (@mark_scheig)\nSeptember 28, 2026"
2026-09-28 17:02:32,2104616247920861460,@Tarik_ElBashir,"Sep 28, 2026",https://twitter.com/GameDayLines/status/2104616247920861460,oembed,False,False,"Practice lines and pairs here at Navy look familiar:\nTuch-Dubois-Wilson\nOvechkin-Strome-Leonard\nA. Protas-I. Protas-Kyrou\nJenner-Sourdif-Beauvillier\nExtras: Miroshnichenko and Frank\nChychrun-Roy\nFehervary-Liljegren\nHutson-Desharnais\nExtra: McIlrath\nThompson\nLindgren\n— Tarik El-Bashir (@Tarik_ElBashir)\nSeptember 28, 2026"
2026-09-28 17:16:26,2104620183386222799,@Benton_Mike,"Sep 28, 2026",https://twitter.com/GameDayLines/status/2104620183386222799,oembed,False,False,"#SeaKraken\npractice, 9/28:\nMcCann-Beniers-Kakko\nMcMann-Stephenson-Eberle\nWinterton-Catton-Wright\nDouglas-Gaudreau-Melanson\nDunn-Larsson\nEvans-Montour\nLindgren-Fleury\nMahura-Ottavainen\nDaccord\nGrubauer\npic.twitter.com/pGSTuPIT8u\n— Mike Benton (@Benton_Mike)\nSeptember 28, 2026"
2026-09-28 17:38:28,2104624924375847005,@JasonGregor,"Sep 28, 2026",https://twitter.com/GameDayLines/status/2104624924375847005,oembed,False,False,"Looks like the Oilers opening night starting lineup will be as follows, based on skate right now:\nPodkolzin-McDavid-Draisaitl\nHyman-RNH-Kapanen\nHoward-Michaels-Frederic\nFormenton-Dach-Joseph\nEkholm-Bouchard\nWalman-Murphy\nShea-Mukhamadullin\nJarry\nDickinson is skating, but…\n— Jason Gregor (@JasonGregor)\nSeptember 28, 2026"
2026-09-28 17:38:28,2104625127195611501,@sound_hockey,"Sep 28, 2026",https://twitter.com/GameDayLines/status/2104625127195611501,oembed,False,False,"Power play units:\nDunn\nMcCann / McMann / Stephenson\nEberle\n🥅\nMontour\nCatton / Wright / Beniers\nKakko\n🥅\nhttps://t.co/q3DBNEijNS\n— Sound Of Hockey (@sound_hockey)\nSeptember 28, 2026"
2026-09-28 17:38:28,2104625352652030343,@TSNRyanRishaug,"Sep 28, 2026",https://twitter.com/GameDayLines/status/2104625352652030343,oembed,False,False,"2nd PP unit working together today. Howard Kapanen Podkolzin with Walman and Shea\n— Ryan Rishaug (@TSNRyanRishaug)\nSeptember 28, 2026"
2026-09-28 17:42:31,2104626661941821771,@houston_brogan,"Sep 28, 2026",https://twitter.com/GameDayLines/status/2104626661941821771,oembed,False,False,"Utah’s lines this morning:\nKeller - Schmaltz - Trocheck\nLee - Cooley - Guenther\nCrouse - Hayton - McBain\nO’Brien/Carcone - Stenlund - Yama/But\nSergachev - Weegar\nSchmidt - Marino\nSimashev - Peeke\nDuda - DeSimone\nVejmelka\nCossa\nThose fourth-line wingers are all rotating in and…\n— Brogan Houston (@houston_brogan)\nSeptember 28, 2026"
2026-09-28 17:52:30,2104629307897479649,@PatrickCPresent,"Sep 28, 2026",https://twitter.com/GameDayLines/status/2104629307897479649,oembed,False,False,"Ducks forward lines from practice (9/28/26)\nGranlund-Carlsson-Sennecke\nNesterenko-Poehling-Gauthier\nKillorn-McQueen-Klepov\nMalott-Washe-Caulfield\nVatrano-Greer(red)-Colangelo\n#FlyTogether\n— Patrick Present (@PatrickCPresent)\nSeptember 28, 2026"
2026-09-28 18:12:29,2104634471794507885,@DannyWebster21,"Sep 28, 2026",https://twitter.com/GameDayLines/status/2104634471794507885,oembed,False,False,"Lines and pairs at practice before the run begins:\nBarbashev-Eichel-Stone\nHowden-Karlsson-Marner\nConnelly-Hertl-Olofsson\nGatcomb-Dowd-Bowman\nMcNabb-Theodore\nWotherspoon-Andersson/Coghlan\nLauzon-Hanifin\nLavoie is not skating.\n— Danny Webster (@DannyWebster21)\nSeptember 28, 2026"
2026-09-28 18:16:25,2104635343450657105,@BatchHockey,"Sep 28, 2026",https://twitter.com/GameDayLines/status/2104635343450657105,oembed,False,False,"Monday\n#Canucks\npractice lines\nBains. EP40. Lekkerimäki.\nÖhgren. Rossi. Boeser.\nO’Connor. Sasson. Karlsson.\nCotter. Räty. Gallagher.\nBuium. Hronek.\nOleksiak. Willander.\nEP25. Schenn.\nBrisebois. Mancini.\nLankinen.\nMeriläinen.\nDriedger.\n@KiSSWestCoast\npic.twitter.com/yb6jpW7tPR\n— Brendan Batchelor (@BatchHockey)\nSeptember 28, 2026"
2026-09-28 18:22:33,2104636710474994048,@BatchHockey,"Sep 28, 2026",https://twitter.com/GameDayLines/status/2104636710474994048,oembed,False,False,"PP units\n#Canucks\n🥅\nSasson.\nRossi. Boeser. EP40.\nHronek.\n🥅\nKarlsson.\nLekkerimäki. Öhgren. Willander.\nBuium.\n— Brendan Batchelor (@BatchHockey)\nSeptember 28, 2026"
2026-09-28 18:36:25,2104640650641645746,@LeggetNHL,"Sep 28, 2026",https://twitter.com/GameDayLines/status/2104640650641645746,oembed,False,False,"Line rushes today:\nPanarin–Byfield–Kempe\nZuccarello–Turcotte–Laferriere\nMoore–Laughton–Haula\nLee–Helenius–Armia\nGustafsson–Clarke\nDumoulin–Doughty\nAnderson–Ceci\nEdmundson–Kirsanov\n— Alexander Legget (@LeggetNHL)\nSeptember 28, 2026"
2026-09-28 18:58:36,2104645246324003308,@h_kirk6,"Sep 28, 2026",https://twitter.com/GameDayLines/status/2104645246324003308,oembed,False,False,"Victor Olofsson is getting reps on PP1. The five forward power play is back.\nEichel\nStone\nHertl\nOlofsson\nMarner\n— Hannah Kirkell (@h_kirk6)\nSeptember 28, 2026"
2026-09-28 19:42:25,2104656363364503720,@AnsarKhanMLive,"Sep 28, 2026",https://twitter.com/GameDayLines/status/2104656363364503720,oembed,False,False,"#RedWings\nlines:\nDeBrincat-Copp-Raymond\nFinnie-Compher-Arvidsson\nRasmussen-Kasper-Kolesar\nAppleton-Danielson-MBN\nLarkin/Mazur\nAlbert Johansson-Seider\nChiarot-ASP\nAnton Johansson-Faulk\nEnglund-Wallinder\nTarasov\npic.twitter.com/aYqwvfcjPF\n— Ansar Khan (@AnsarKhanMLive)\nSeptember 28, 2026"
2026-09-28 19:46:27,2104658279511322972,@AnsarKhanMLive,"Sep 28, 2026",https://twitter.com/GameDayLines/status/2104658279511322972,oembed,False,True,"Larkin getting some reps on the line with DeBrincat and Raymond.\npic.twitter.com/HTImiG96Ym\n— Ansar Khan (@AnsarKhanMLive)\nSeptember 28, 2026"
2026-09-28 20:48:28,2104672980634886326,@DannyWebster21,"Sep 28, 2026",https://twitter.com/GameDayLines/status/2104672980634886326,oembed,False,False,"Turns out this was, in fact, much ado about nothing.\nThis was a 5-on-3 drill. At ease.\nhttps://t.co/DxPOBtZekI\n— Danny Webster (@DannyWebster21)\nSeptember 28, 2026"
2026-09-29 14:36:24,2104942020993388666,@jackstudley13,"Sep 29, 2026",https://twitter.com/GameDayLines/status/2104942020993388666,oembed,False,False,"#NHLBruins\nat morning skate:\nPeterka - ELindholm - Pastrnak\nMittelstadt - Zacha - Geekie\nHagens - Minten - Khusnutdinov\nJeannot - Kuraly - Kastelic\nEyssimont\nHLindholm - Borgen\nZadorov - Clifton\nAspirot - Lohrei\nBrunet - McAvoy\nSwayman\nDiPietro\npic.twitter.com/Bh9OlW0EbL\n— Jack Studley (@jackstudley13)\nSeptember 29, 2026"
2026-09-29 15:32:29,2104956167038366145,@MatthewFairburn,"Sep 29, 2026",https://twitter.com/GameDayLines/status/2104956167038366145,oembed,False,False,"Some different lines and pairs for the Sabres with some mixing and matching. But saw a lot of these two top lines.\nNorris-Thompson-Doan\nBenson-Ostlund-Quinn\nLots of shuffling of bottom six. But saw these combos.\nKrebs-McLeod-Helenius\nKulich/Danforth-Carrick-Malenstyn.\n— Matthew Fairburn (@MatthewFairburn)\nSeptember 29, 2026"
2026-09-29 15:42:27,2104958156258337059,@MollieeWalkerr,"Sep 29, 2026",https://twitter.com/GameDayLines/status/2104958156258337059,oembed,False,False,"#NYR\nlines and D pairs at morning skate in Boston:\nPerreault-Zibanejad-Lafrenière\nBjorkstrand-Miller-Dorofeyev\nCuylle-Laba-Tolvanen\nKartye-Veleno-Rempe\nGavrikov-Fox\nPettersson-Durzi\nŠmits-Schneider\nShesterkin\nKorpisalo\nMorrow, Robertson and Chmelař skating as extras.\n— Mollie Walker (@MollieeWalkerr)\nSeptember 29, 2026"
2026-09-29 15:42:27,2104958343634657437,@stefen_rosner,"Sep 29, 2026",https://twitter.com/GameDayLines/status/2104958343634657437,oembed,False,False,"#Isles\nlines at today’s practice:\nHolmstrom-Horvat-Palmieri\nMaccelli-Ritchie-Schenn\nEklund-Pageau-Heineman\nPalat-Cizikas-Duclair\nE: MacLean\nPelech-Schaefer\nRomanov-Pulock\nStanley-DeAngelo\nE: Kessel-Mayfield\nSorokin\nVarlamov\n— Stefen Rosner (@stefen_rosner)\nSeptember 29, 2026"
2026-09-29 15:58:37,2104962419185320127,@alexadamsBTP_,"Sep 29, 2026",https://twitter.com/GameDayLines/status/2104962419185320127,oembed,False,False,"#Sens\nlines from practice:\nFoegele-Stutzle-Batherson\nEklund-Cozens-Zetterlund\nAmadio-Pinto-Giroux\nCousins-Halliday-Hodgson\nGreig\nChabot-Spence\nKleven-Yakemchuk\nCrotty-Matinpalo\nStanley\nNo Sanderson, Zub, Burakovsky\npic.twitter.com/EiaReM1yJj\n— Alex Adams (@alexadamsBTP_)\nSeptember 29, 2026"
2026-09-29 15:58:37,2104962464592921080,@jackiespiegel93,"Sep 29, 2026",https://twitter.com/GameDayLines/status/2104962464592921080,oembed,False,False,"#Flyers\nlines in practice before Game 1\nTippett-Zegras-Martone\nFoerster-Dvorak-Konecny\nBump-Cates-Michkov\nWilson/Grundstrom-Couturier-Acciari\nSanheim-Ristolainen\nYork-Drysdale\nSeeler-Benoit-Jiricek\n— Jackie Spiegel (@jackiespiegel93)\nSeptember 29, 2026"
2026-09-29 15:58:37,2104962670759973163,@JamesonCoop,"Sep 29, 2026",https://twitter.com/GameDayLines/status/2104962670759973163,oembed,False,False,"PP1: Jones, Tkachuk x 2, Reinhart, Barkov\nPP2: Ekblad, Lundell, Bennett, Verhaeghe, Luostarinen\nThat’s what they’ve been running.\nhttps://t.co/eyIgFOp8qu\n— Jameson Olive (@JamesonCoop)\nSeptember 29, 2026"
2026-09-29 15:58:37,2104962723029135445,@PensInsideScoop,"Sep 29, 2026",https://twitter.com/GameDayLines/status/2104962723029135445,oembed,False,False,"Penguins lines and D-pairs at today's practice heading into the season opener:\nRobertson-Crosby-Rakell\nChinakhov-Novak-Malkin\nHallander-Lapierre-Koivunen\nDewar-Lizotte-Soderblom\nCarlile-Karlsson\nvan Riemsdyk-Letang\nGirard-Korczak\n(McGroarty/Gustafsson-Solovyov)\n— Pens Inside Scoop (@PensInsideScoop)\nSeptember 29, 2026"
2026-09-29 15:58:37,2104962838725095686,@AGrossNewsday,"Sep 29, 2026",https://twitter.com/GameDayLines/status/2104962838725095686,oembed,False,False,"#\n#Isles\nPP units\nSchaefer\nMaccelli-Horvat-Schenn\nPalmieri\nDeAngelo\nRitchie-Holmstrom-Duclair\nEklund\n— Andrew Gross (@AGrossNewsday)\nSeptember 29, 2026"
2026-09-29 16:06:30,2104964892339965967,@PensInsideScoop,"Sep 29, 2026",https://twitter.com/GameDayLines/status/2104964892339965967,oembed,False,False,"PP1: Karlsson, Crosby, Chinakhov, Rakell, Novak\nPP2: Letang, Girard, Malkin, Lapierre, Koivunen\n— Pens Inside Scoop (@PensInsideScoop)\nSeptember 29, 2026"
2026-09-29 16:56:31,2104977788142850499,@JasonGregor,"Sep 29, 2026",https://twitter.com/GameDayLines/status/2104977788142850499,oembed,False,False,"Podkolzin will take RNH’s spot on the first unit powerplay… via Babcock.\n— Jason Gregor (@JasonGregor)\nSeptember 29, 2026"
2026-09-29 16:56:31,2104977915167346763,@JHallNBCS,"Sep 29, 2026",https://twitter.com/GameDayLines/status/2104977915167346763,oembed,False,False,"Flyers’ power play units:\nDrysdale, Michkov, Zegras, Foerster, Martone\nYork, Konecny, Tippett, Cates, Bump\n— Jordan Hall (@JHallNBCS)\nSeptember 29, 2026"
2026-09-29 16:56:31,2104978186832593088,@KieserNick,"Sep 29, 2026",https://twitter.com/GameDayLines/status/2104978186832593088,oembed,False,False,"Lines from today's\n#Preds\npractice\nStamkos - O'Reilly - Kerfoot\nForsberg - Wood - Hoglander\nColton - Bourque - Marchessault\nEdstrom - Drury - Schaefer\nJosi - Ufko\nSkjei-Perbix\nHague - Wilsby\nTrudeau - Ahcan\nLyubushkin\nSaros\nAnnunen\n— Nick Kieser🏒 (@KieserNick)\nSeptember 29, 2026"
2026-09-29 17:08:26,2104980373671473244,@MaxHerzTalks,"Sep 29, 2026",https://twitter.com/GameDayLines/status/2104980373671473244,oembed,False,False,"Preds practice PP units Tuesday:\nPP1 Josi Stamkos Forsberg Wood O’Reilly\nPP2 Ufko Marchessault Bourque Colton Kerfoot\nHöglander also getting rotating reps on PP2\n@1025TheGame\n— Max Herz (@MaxHerzTalks)\nSeptember 29, 2026"
2026-09-29 17:22:26,2104984578004033925,@baileyycurtis,"Sep 29, 2026",https://twitter.com/GameDayLines/status/2104984578004033925,oembed,False,False,"No L’Heureux or O’Connor.\nLehkonen - MacKinnon - Necas\nLandeskog - Nelson - Kadri\nSchwartz - Svechkov - Hughes\nKelly - Roy\nToews - Makar\nKulak - Malinski\nManson - Burns\nJuulsen\nhttps://t.co/mmbnumIJS4\n— Bailey Curtis (@baileyycurtis)\nSeptember 29, 2026"
2026-09-29 17:52:26,2104991350852919337,@Real_Max_Miller,"Sep 29, 2026",https://twitter.com/GameDayLines/status/2104991350852919337,oembed,False,False,"Practice starts at 11 for the\n#SJSharks\n, but it looks like the power plays are getting some work in on their own to start.\nPP1: Cagnoni-Celebrini-Smith-Chernyshov-Wennberg\nPP2: Orlov-Misa-Marchment-Stenberg-Toffoli\n— Max Miller (@Real_Max_Miller)\nSeptember 29, 2026"
2026-09-29 17:52:26,2104991640259801442,@baileyycurtis,"Sep 29, 2026",https://twitter.com/GameDayLines/status/2104991640259801442,oembed,False,False,"PP1: Necas, MacKinnon, Landeskog, Hughes, Makar\nPP2: Kadri; Schwartz, Lehkonen, Nelson, Toews\nLehkonen and Nelson rotating into the PK facing PP1.\nhttps://t.co/E1ghJCUgPz\n— Bailey Curtis (@baileyycurtis)\nSeptember 29, 2026"
2026-09-29 17:56:26,2104992623752847855,@LeggetNHL,"Sep 29, 2026",https://twitter.com/GameDayLines/status/2104992623752847855,oembed,False,False,"Kings practicing 5 on 3 with a 5 forwards on the PP1 unit:\nLafferiere – Byfield – Zuccarello\nPanarin – Kempe\n— Alexander Legget (@LeggetNHL)\nSeptember 29, 2026"
2026-09-29 18:08:26,2104995799113650264,@LeggetNHL,"Sep 29, 2026",https://twitter.com/GameDayLines/status/2104995799113650264,oembed,False,False,"Seeing the Gustafsson–Clarke pairing again today. Expect that to be the pairing against Colorado, unless Edmundson is cleared to play\n— Alexander Legget (@LeggetNHL)\nSeptember 29, 2026"
2026-09-29 18:18:34,2104998084220723421,@kalenalumpkins,"Sep 29, 2026",https://twitter.com/GameDayLines/status/2104998084220723421,oembed,False,False,"Power play units in morning skate:\n1:\nByram\nKane-Kantserov-Frondell\nBertuzzi\n2:\nRinzel\nMoore-Donato-Lardis\nNazar\npic.twitter.com/0v1Qv2N6hk\n— Kalen Lumpkins (@kalenalumpkins)\nSeptember 29, 2026"
2026-09-29 18:18:34,2104998114356826547,@kalenalumpkins,"Sep 29, 2026",https://twitter.com/GameDayLines/status/2104998114356826547,oembed,False,False,"Blackhawks lines/pairs in morning skate\nMoore-Kantserov-Kane\nDonato-Nazar-Lardis\nBertuzzi-Frondell-Mangiapane\nSmith-Greene-Greenway\nVlasic-Byram\nKaiser-Levshunov\nCole-Rinzel\n(Del Mastro-Korchinski)\nKnight\nSöderblom\n— Kalen Lumpkins (@kalenalumpkins)\nSeptember 29, 2026"
2026-09-29 18:22:32,2104998747914764734,@Real_Max_Miller,"Sep 29, 2026",https://twitter.com/GameDayLines/status/2104998747914764734,oembed,False,False,"First regular season\n#SJSharks\npractice lines:\nMarchment-Celebrini-Smith\nStenberg-Wennberg-Graf\nChernyshov-Misa-Toffoli\nGoodrow-Ostapchuk-Sherwood\nDellandrea-Leason\nNurse-Kesselring\nAllan-Trouba\nOrlov-Cagnoni\nDickinson\n— Max Miller (@Real_Max_Miller)\nSeptember 29, 2026"
2026-09-29 19:12:28,2105012420150546811,@SteinbergYYC,"Sep 29, 2026",https://twitter.com/GameDayLines/status/2105012420150546811,oembed,False,False,"#Flames\nat practice Tuesday afternoon:\nGridin-Frost-Coronato\nHonzek-Backlund-Farabee\nZary-Strome-Sharangovich\nTsyplakov-Pospisil-Klapka\nOthmann\nBahl-Nemec\nMiddleton-Parekh\nKuznetsov-Whitecloud\nHanley-Pachal\nWolf\nCooley\n— Pat Steinberg (@SteinbergYYC)\nSeptember 29, 2026"
2026-09-29 19:26:29,2105014309692784684,@SteinbergYYC,"Sep 29, 2026",https://twitter.com/GameDayLines/status/2105014309692784684,oembed,False,False,"#Flames\npowerplay units at practice:\nPP1: Frost-Coronato-Gridin-Farabee-Parekh\nPP2: Strome-Sharangovich-Tsyplakov-Zary-Nemec\n— Pat Steinberg (@SteinbergYYC)\nSeptember 29, 2026"
2026-09-29 20:42:29,2105033993959960713,@JamesonCoop,"Sep 29, 2026",https://twitter.com/GameDayLines/status/2105033993959960713,oembed,False,False,"#FlaPanthers\nlines vs.\n#Canes\n👇\nB. Tkachuk - Barkov - Reinhart\nVerhaeghe - Bennett - M. Tkachuk\nLuostarinen - Lundell - Vilmanis\nHathaway - Eller - Imama\nForsling - Ekblad\nMikkola - Jones\nKulikov - Gudas\nMarkstrom\nSchmid\n— Jameson Olive (@JamesonCoop)\nSeptember 29, 2026"
2026-09-29 20:42:29,2105034043142353150,@RyanHenkel_,"Sep 29, 2026",https://twitter.com/GameDayLines/status/2105034043142353150,oembed,False,False,"Canes vs. Cats lines:\nSvechnikov-Aho-Robinson\nHall-Stankoven-Blake\nEhlers-Staal-Martinook\nCarrier-Jankowski-Deslauriers\nSlavin-Chatfield\nMiller-Walker\nGostisbehere-Legault\nBussi\n— Ryan Henkel (@RyanHenkel_)\nSeptember 29, 2026"
2026-09-29 21:42:33,2105050184900341803,@RyanHenkel_,"Sep 29, 2026",https://twitter.com/GameDayLines/status/2105050184900341803,oembed,False,False,"Stankoven PKing with Aho\nThat seems to be a permanent new addition to the penalty kill groups\n— Ryan Henkel (@RyanHenkel_)\nSeptember 29, 2026"
2026-09-29 22:48:22,2105065622417862845,@markhmasters,"Sep 29, 2026",https://twitter.com/GameDayLines/status/2105065622417862845,oembed,False,False,"Leafs lines in warm-up\n26-27 season opener\nMarchenko - Matthews - Roslovic\nMcKenna - Tavares - Nylander\nCowan - Paul - Sissons\nDuhaime - Blueger - MacEwen\nMcCabe - Tanev\nRielly - Raddysh\nEkman-Larsson - Stecher\nBobrovsky starts\nStolarz\n@TSN_Sports\n— Mark Masters (@markhmasters)\nSeptember 29, 2026"
2026-09-29 22:48:22,2105065746829332633,@ArponBasu,"Sep 29, 2026",https://twitter.com/GameDayLines/status/2105065746829332633,oembed,False,False,"Canadiens lines in warmup in Toronto:\nKreider-Suzuki-Caufield\nSlafkovský-Newhook-Demidov\nTexier-Danault-Dach\nBolduc-Evans-Anderson\nMatheson-Dobson\nHutson-Carrier\nStruble-A. Xhekaj\nDobeš\nMontembeault\n— Arpon Basu (@ArponBasu)\nSeptember 29, 2026"
2026-09-29 23:37:25,2105079015862329428,@corylav,"Sep 29, 2026",https://twitter.com/GameDayLines/status/2105079015862329428,oembed,False,False,"Jankowski takes a shift with Aho and Svechnikov\n— Cory Lavalette (@corylav)\nSeptember 29, 2026"
2026-09-29 23:42:26,2105079538430746826,@Peter_Baugh,"Sep 29, 2026",https://twitter.com/GameDayLines/status/2105079538430746826,oembed,False,False,"No surprises in Rangers warm ups:\nPerreault-Zibanejad-Lafrenière\nBjorkstrand-Miller-Dorofeyev\nCuylle-Laba-Tolvanen\nKartye-Veleno-Rempe\nGavrikov-Fox\nPettersson-Durzi\nŠmits-Schneider\nShesterkin\nKorpisalo\n— Peter Baugh (@Peter_Baugh)\nSeptember 29, 2026"
2026-09-29 23:42:26,2105079580658950437,@rustymac26,"Sep 29, 2026",https://twitter.com/GameDayLines/status/2105079580658950437,oembed,False,False,"#NHLBruins\nin warmups:\nPeterka-Lindholm-Pastrnak\nMittelstadt-Zacha-Geekie\nHagens-Minten-Khusnutdinov\nJeannot-Kuraly-Kastelic\nLindholm-Borgen\nZadorov-Clifton\nAspirot-Lohrei\nSwayman\n— Russ Macias (@rustymac26)\nSeptember 29, 2026"
2026-09-29 23:52:28,2105081849634803715,@davidalter,"Sep 29, 2026",https://twitter.com/GameDayLines/status/2105081849634803715,oembed,False,False,"Marchenko replaces Roslovic on PP1 to start.\n— David Alter (@davidalter)\nSeptember 29, 2026"
2026-09-29 23:52:28,2105082147451367441,@RyanHenkel_,"Sep 29, 2026",https://twitter.com/GameDayLines/status/2105082147451367441,oembed,False,False,"Robinson back with Aho, Svech\n— Ryan Henkel (@RyanHenkel_)\nSeptember 29, 2026"
2026-09-29 23:56:21,2105084026830889446,@corylav,"Sep 29, 2026",https://twitter.com/GameDayLines/status/2105084026830889446,oembed,False,False,"Staal, Walker, Slavin vs. Barkov, Reinhart, Jones\n— Cory Lavalette (@corylav)\nSeptember 29, 2026"
2026-09-30 01:42:24,2105109671384412615,@ThomasDrance,"Sep 29, 2026",https://twitter.com/GameDayLines/status/2105109671384412615,oembed,False,False,"#Canucks\nprojected lineup for opening night @ Oilers, based on line rushes in the warmup skate.\nDeBrusk-Pettersson-Lekkerimäki\nÖhgren-Rossi-Boeser\nDOC-Sasson-Karlsson\nBains-Cotter-Gallagher\nBuium-Hronek\nOleksiak-Willander\nD-Petey -Schenn\nLankinen\npic.twitter.com/pxb9J6T1QG\n— Thomas Drance (@ThomasDrance)\nSeptember 30, 2026"
2026-09-30 01:42:24,2105110335023956215,@EdmontonJack,"Sep 29, 2026",https://twitter.com/GameDayLines/status/2105110335023956215,oembed,False,False,"Opening night lineup for the Oilers on\n@Sportsnet\nw/\n@LouDeBrusk\n&\n@GenePrincipe\n…\nFormenton-McDavid-Hyman\nPodkolzin-Draisaitl-Kapanen\nJones-Dach-Joseph\nHoward-Michaels-Frederic\nEkholm-Bouchard\nWalman-Murphy\nShea-Mukhamadullin\nJarry\npic.twitter.com/haXf8LVVvL\n— Jack Michaels (@EdmontonJack)\nSeptember 30, 2026"
2026-09-30 02:17:31,2105118565255012517,@DannyWebster21,"Sep 29, 2026",https://twitter.com/GameDayLines/status/2105118565255012517,oembed,False,False,"#VegasBorn\nlines and pairs against Chicago:\nBarbashev-Eichel-Stone\nHowden-Karlsson-Marner\nConnelly-Hertl-Olofsson\nBowman-Dowd-Gatcomb\nMcNabb-Theodore\nWotherspoon-Andersson\nLauzon-Hanifin\nHart\n— Danny Webster (@DannyWebster21)\nSeptember 30, 2026"
2026-09-30 02:17:31,2105119056982647090,@kalenalumpkins,"Sep 29, 2026",https://twitter.com/GameDayLines/status/2105119056982647090,oembed,False,False,"Blackhawks lines/pairs for warmups in Vegas:\nMoore-Kantserov-Kane\nBertuzzi-Frondell-Mangiapane\nDonato-Nazar-Lardis\nSmith-Greene-Greenway\nVlasic-Byram\nKaiser-Levshunov\nCole-Rinzel\nKnight\nSöderblom\n— Kalen Lumpkins (@kalenalumpkins)\nSeptember 30, 2026"
2026-09-30 14:51:24,2105308936622555473,@EddieInTheYard,"Sep 30, 2026",https://twitter.com/GameDayLines/status/2105308936622555473,oembed,False,False,"#GoBolts\n9/30 practice lines, pairings & goalies:\nMikheyev-Point-Kucherov\nHagel-Harkins-Guentzel\nGoncalves-Cirelli-Geekie\nViel-Girgensons-Holmberg\nSabourin\nMoser-Carlson\nHedman-D'Astous\nMcDonagh-Cernak\nLilleberg-Crozier\nVasilevskiy\nHildeby\n— Eduardo A. Encina (@EddieInTheYard)\nSeptember 30, 2026"
2026-09-30 14:57:26,2105309680352604286,@EddieInTheYard,"Sep 30, 2026",https://twitter.com/GameDayLines/status/2105309680352604286,oembed,False,False,"#Gobolts\n9/30 practice power plays:\nPP1: Carlson, Hagel (L), Point (bumper), Kucherov (R), Guentzel (net)\nPP2: D'Astous/Hedman. Geekie (L), Cirelli (bumper), Goncalves (R), Holmberg (net)\n— Eduardo A. Encina (@EddieInTheYard)\nSeptember 30, 2026"
2026-09-30 15:01:29,2105310781281828917,@sammisilber,"Sep 30, 2026",https://twitter.com/GameDayLines/status/2105310781281828917,oembed,False,False,"Caps lines at practice:\nOvechkin-Strome-Leonard\nTuch-Dubois-Wilson\nA. Protas-I. Protas-Kyrou\nJenner-Sourdif-Beauvillier\nMiroshnichenko, Frank\nChychrun-Roy\nHutson-Desnarnais\nFehervary-Liljegren\nMcIlrath\nThompson\nLindgren\n— Sammi Silber 🏒 (@sammisilber)\nSeptember 30, 2026"
2026-09-30 15:12:36,2105313087033061419,@AnsarKhanMLive,"Sep 30, 2026",https://twitter.com/GameDayLines/status/2105313087033061419,oembed,False,False,"Without Edvinsson, it looks like they’re rolling with these pairs:\nAlbert Johansson-Seider\nChiarot-ASP\nAnton Johansson-Faulk\nWallinder-JBD (extras)\npic.twitter.com/hXqqpTfcui\n— Ansar Khan (@AnsarKhanMLive)\nSeptember 30, 2026"
2026-09-30 15:12:36,2105313110219219417,@ComingInHotSens,"Sep 30, 2026",https://twitter.com/GameDayLines/status/2105313110219219417,oembed,False,False,"#Sens\nlines from practice\nFoegele-Stutzle-Batherson\nEklund-Cozens-Zetterlund\nAmadio-Pinto-Giroux\nCousins-Halliday-Hodgson\nGreig\nChabot-Spence\nKleven-Yakemchuk\nMatinpalo-Crotty\nStanley\nUllmark\n— Coming In Hot (@ComingInHotSens)\nSeptember 30, 2026"
2026-09-30 16:41:41,2105335951086010747,@danielleBain,"Sep 30, 2026",https://twitter.com/GameDayLines/status/2105335951086010747,oembed,False,False,"Lines at\n#NHLJets\npractice:\nConnor - Scheifele - Perfetti\nRosén - Björck - Vilardi\nBarron - Lowry - Lambert\nNiederreiter - Namestnikov - Iafallo\nExtra: Koepke\nMorrissey - DeMelo\nSamberg - Pionk\nFerraro - Bauer\nExtra: Fleury - St. Ivany\nSkinner\nStevenson\n— danielle bain (@danielleBain)\nSeptember 30, 2026"
2026-09-30 16:41:41,2105336168183108090,@AGrossNewsday,"Sep 30, 2026",https://twitter.com/GameDayLines/status/2105336168183108090,oembed,False,False,"#Isles\nat morning skate for tonight’s season opener at Toronto\nHolmstrom-Horvat-Palmieri\nMaccelli-Ritchie-Schenn\nEklund-Pageau-Heineman\nPalat-Cizikas-Duclair\nExtra: MacLean\nPelech-Schaefer\nRomanov-Pulock\nStanley-DeAngelo\nExtras: Mayfield, Kessel\nSorokin (starter’s net)\nVarlamov\n— Andrew Gross (@AGrossNewsday)\nSeptember 30, 2026"
2026-09-30 16:41:41,2105336313226367136,@KieserNick,"Sep 30, 2026",https://twitter.com/GameDayLines/status/2105336313226367136,oembed,False,False,"Lines from Wednesday's practice for\n#Preds\nStamkos - O'Reilly - Kerfoot\nForsberg - Wood - Hoglander\nColton - Bourque - Marchessault\nSchaefer - Drury - Edstrom\nJosi - Ufko\nSkjei - Perbix\nHague - Wilsby\nTrudeau - Ahcan\nLyubushkin\n— Nick Kieser🏒 (@KieserNick)\nSeptember 30, 2026"
2026-09-30 16:41:41,2105336355915985057,@DylanTyrer,"Sep 30, 2026",https://twitter.com/GameDayLines/status/2105336355915985057,oembed,False,False,"#CBJ\nlines/pairs today:\nKnies-Fantilli-Johnson\nNichushkin-Monahan-Garland\nSillinger-Coyle-Olivier\nLomberg-Heinen/LDBB-Voronkov\nWerenski-Mateychuk\nChristiansen-Gudbranson\nSoucy-Andrae\n— Dylan Tyrer (@DylanTyrer)\nSeptember 30, 2026"
2026-09-30 16:41:41,2105336620891185153,@JoeSmithNHL,"Sep 30, 2026",https://twitter.com/GameDayLines/status/2105336620891185153,oembed,False,False,"#mnwild\nlines (and likely lineup for opener vs\n#Preds\nKaprizov-Yurov-Shabanov\nColeman-Eriksson Ek-Boldy\nTrenin-Hartman-Brink\nN Foligno-McCarron-M Foligno\nExtra: Sturm\nHughes-Spurgeon\nMaatta-Brodin\nHunt-Bogosian\nExtra: Spacek\nWallstedt\nPickard\n— Joe Smith (@JoeSmithNHL)\nSeptember 30, 2026"
2026-09-30 16:41:41,2105336695168049463,@RobertTiffin,"Sep 30, 2026",https://twitter.com/GameDayLines/status/2105336695168049463,oembed,False,False,"Lines at practice. Capobianco filling in at forward:\nHryckowian-Johnston-Rantanen\nRobertson-Hintz-Seguin\nKiviranta-Steel-Benn\nBäck-Faksa-Capobianco*\nHarley-Heiskanen\nLindell-Lundkvist\nBichsel-Myers\nOettinger\nDeSmith\n— Robert Tiffin (@RobertTiffin)\nSeptember 30, 2026"
2026-09-30 16:41:41,2105336939180097798,@SteinbergYYC,"Sep 30, 2026",https://twitter.com/GameDayLines/status/2105336939180097798,oembed,False,False,"#Flames\nat practice Wednesday, last one before the season opener. We have a night one lineup:\nGridin-Frost-Coronato\nHonzek-Backlund-Farabee\nZary-Strome-Sharangovich\nTsyplakov-Pospisil-Klapka\nOthmann\nBahl-Nemec\nKuznetsov-Whitecloud\nMiddleton-Parekh\nHanley-Pachal\nWolf\nCooley\n— Pat Steinberg (@SteinbergYYC)\nSeptember 30, 2026"
2026-09-30 17:56:29,2105355299246723475,@Derek_Lee27,"Sep 30, 2026",https://twitter.com/GameDayLines/status/2105355299246723475,oembed,False,False,"Ducks practice lines (09/30):\nGreer-Carlsson-Gauthier\nSennecke-Granlund-Killorn\nPoehling-Nesterenko-Vatrano\nMalott-Washe-Caulfield\nKlepov-Colangelo\nLaCombe-Luneau\nMintyukov-Mitchell\nHinds-Jensen\nWarren\nDostál | Husso\n#FlyTogether\n— Derek Lee (@Derek_Lee27)\nSeptember 30, 2026"
2026-09-30 17:56:29,2105355452506685827,@CirclingSports,"Sep 30, 2026",https://twitter.com/GameDayLines/status/2105355452506685827,oembed,False,False,"The lines at\n@SeattleKraken\npractice today⬇️\nMcCann-Beniers-Kakko\nMcMann-Stephenson-Eberle\nWright-Catton-Winterton\nMelanson-Gaudreau-Douglas\nMeyers the odd man out\nDunn-Larsson\nEvans-Montour\nLindgren-Mahura\nOttavainen / Fleury\n#SeaKraken\n#SeattleKraken\n#SeattleSports\nhttps://t.co/u8S3dY2YsK\npic.twitter.com/f1pBLlj2ge\n— Circling Seattle Sports (@CirclingSports)\nSeptember 30, 2026"
2026-09-30 18:01:35,2105355820242198779,@BagleyKSLsports,"Sep 30, 2026",https://twitter.com/GameDayLines/status/2105355820242198779,oembed,False,False,"Lines from this morning:\nKeller - Schmaltz - Trocheck\nLee - Cooley - Guenther\nCrouse - Hayton - McBain\nCarcone/O’Brien - Stenlund - But/Yamamoto\nSergachev - Weegar\nSchmidt - Marino\nSimashev - Peeke\nDeSimone\n#TusksUp\n— Cole Bagley (@BagleyKSLsports)\nSeptember 30, 2026"
2026-09-30 18:01:35,2105356143518273856,@ColinSNewsday,"Sep 30, 2026",https://twitter.com/GameDayLines/status/2105356143518273856,oembed,False,False,"Greetings from Greenburgh, where the\n#NYR\nare back at practice, and the lines and D pairs appear unchanged:\nBjorkstrand-Miller-Dorofeyev\nPerreault-Zibanejad-Lafreniere\nCuylle-Laba-Tolvanen\nKartye-Veleno-Rempe\nGavrikov-Fox\nPettersson-Durzi\nSmits-Schneider\nRobertson-Morrow\n— Colin Stephenson (@ColinSNewsday)\nSeptember 30, 2026"
2026-09-30 18:27:24,2105363100212023585,@PatrickCPresent,"Sep 30, 2026",https://twitter.com/GameDayLines/status/2105363100212023585,oembed,False,False,"Ducks practice power play units:\n1st: LaCombe, Gauthier, Granlund, Carlsson, Sennecke\n2nd: Luneau, Greer, Poehling, Klepov, Killorn\n#FlyTogether\n— Patrick Present (@PatrickCPresent)\nSeptember 30, 2026"
2026-09-30 18:32:27,2105364235874398250,@Sheng_Peng,"Sep 30, 2026",https://twitter.com/GameDayLines/status/2105364235874398250,oembed,False,False,"#SJSharks\npractice lines, trending toward Dickinson sitting on opening night:\nMarchment-Celebrini-Smith\nChernyshov-Misa-Toffoli\nStenberg-Wennberg-Graf\nGoodrow-Ostapchuk-Sherwood\nNurse-Kesselring\nAllan-Trouba\nOrlov-Cagnoni\n— Sheng Peng (@Sheng_Peng)\nSeptember 30, 2026"
2026-09-30 18:42:38,2105366758089695718,@Sheng_Peng,"Sep 30, 2026",https://twitter.com/GameDayLines/status/2105366758089695718,oembed,False,False,"#SJSharks\npower play groups same as yesterday, but one wrinkle, see Misa doing some net front, which he did last year...\nPP1: Cagnoni-Celebrini-Smith-Chernyshov-Wennberg\nPP2: Orlov-Misa-Stenberg-Toffoli-Marchment\n— Sheng Peng (@Sheng_Peng)\nSeptember 30, 2026"
2026-09-30 19:16:31,2105375125315154067,@AnsarKhanMLive,"Sep 30, 2026",https://twitter.com/GameDayLines/status/2105375125315154067,oembed,False,False,"#RedWings\npower play:\n1. Copp (net front), DeBrincat (bumper), Arvidsson/Raymond (flanks), Seider (point).\n2. Kasper (net front), MBN (bumper), ASP-Finnie (flanks), Faulk (point).\nLarkin is working the PK.\npic.twitter.com/VxKomS6scp\n— Ansar Khan (@AnsarKhanMLive)\nSeptember 30, 2026"
2026-09-30 19:16:31,2105375596687843639,@AGrossNewsday,"Sep 30, 2026",https://twitter.com/GameDayLines/status/2105375596687843639,oembed,False,False,"Same PP units\nSchaefer\nMaccelli-Horvat-Schenn\nPalmieri\nDeAngelo\nEklund-Ritchie-Holmstrom\nDuclair\n— Andrew Gross (@AGrossNewsday)\nSeptember 30, 2026"
2026-09-30 19:21:30,2105376418888921433,@rachelmlenzi,"Sep 30, 2026",https://twitter.com/GameDayLines/status/2105376418888921433,oembed,False,False,"Lines from\n#Sabres\npractice — defensive pairs have been constantly shuffling today:\nNorris-Thompson-Doan\nBenson-Ostlund-Quinn\nKrebs-McLeod-Helenius\nKulich-Carrick-Malenstyn.\n— Rachel Lenzi 💁🏻‍♀️😎💥 (@rachelmlenzi)\nSeptember 30, 2026"
2026-09-30 19:26:32,2105377226099417578,@BenjaminJReport,"Sep 30, 2026",https://twitter.com/GameDayLines/status/2105377226099417578,oembed,False,False,"Jon Cooper told us not to read into these line combinations too much.\n“That was designed to set up the next drill of the power play. So, it could happen, but it's not happening tomorrow.”\n#GoBolts\nhttps://t.co/Dph6kyEfYA\n— Benjamin Pierce (@BenjaminJReport)\nSeptember 30, 2026"
2026-09-30 19:26:32,2105377534095573365,@InStilettos_NHL,"Sep 30, 2026",https://twitter.com/GameDayLines/status/2105377534095573365,oembed,False,False,"09.30.26\n#NJDevils\nPractice\nMantha - Hughes - Bratt\nMeier - Hischier - Evangelista\nGritsyuk - Rodrigues - Mercer\nLombardi - Glass - (Noesen)\nHughes - Pesce\nSiegenthaler - Hamilton\nDillon - Chisholm\nAllen | Daws\nNot On The Ice: Brown | Extra: Boqvist\n— Kristy Flannery (@InStilettos_NHL)\nSeptember 30, 2026"
2026-09-30 19:26:32,2105378254983205114,@TomGulittiNHL,"Sep 30, 2026",https://twitter.com/GameDayLines/status/2105378254983205114,oembed,False,False,"Caps PP1: Chychrun, Ovechkin, Wilson, Dubois, Strome\nPP2: Hutson, Leonard, Tuch, Kyrou, I. Protas\n— Tom Gulitti (@TomGulittiNHL)\nSeptember 30, 2026"
2026-09-30 19:37:27,2105380954126922116,@CHGO_Blackhawks,"Sep 30, 2026",https://twitter.com/GameDayLines/status/2105380954126922116,oembed,False,False,"New Blackhawks lines at practice in Utah, via\n@BenPopeCST\nBertuzzi-Frondell-Kane\nTeräväinen-Kantserov-Lardis\nDonato-Nazar-Moore\nSmith-Greene-Greenway\nVlasic-Byram\nKaiser-Levshunov\nCole-Rinzel\nKorchinski-Del Mastro\n— CHGO Blackhawks (@CHGO_Blackhawks)\nSeptember 30, 2026"
2026-09-30 23:02:27,2105432545181814840,@charlieo_conn,"Sep 30, 2026",https://twitter.com/GameDayLines/status/2105432545181814840,oembed,False,False,"Flyers lines & pairs in warmups (Vladar in net):\nTippett - Zegras - Martone\nFoerster - Dvorak - Konecny\nBump - Cates - Michkov\nGrundstrom - Couturier - Acciari\nSanheim - Ristolainen\nYork - Drysdale\nSeeler - Benoit\n— Charlie O'Connor (@charlieo_conn)\nSeptember 30, 2026"
2026-09-30 23:17:29,2105435977238114439,@AGrossNewsday,"Sep 30, 2026",https://twitter.com/GameDayLines/status/2105435977238114439,oembed,False,False,"#Isles\nin warmups (Game No. 1 at Toronto)\nHolmstrom-Horvat-Palmieri\nMaccelli-Ritchie-Schenn\nHeineman-Pageau-Eklund\nPalat-Cizikas-Duclair\nPelech-Schaefer\nRomanov-Pulock\nStanley-DeAngelo\nSorokin\nVarlamov\n— Andrew Gross (@AGrossNewsday)\nSeptember 30, 2026"
2026-09-30 23:17:29,2105436120888791288,@DaveAMcCarthy,"Sep 30, 2026",https://twitter.com/GameDayLines/status/2105436120888791288,oembed,False,False,"#Leafs\nlines vs\n#Isles\nMarchenko - Matthews - Roslovic\nMcKenna - Tavares - Nylander\nCowan - Paul - Sissons\nDuhaime - Blueger - Groulx\n—\nRielly - Raddysh\nMcCabe - Tanev\nEkman-Larsson - Stecher\nGOALIES\nStolarz\nBobrovsky\n@NHLMedia\n— Dave McCarthy (@DaveAMcCarthy)\nSeptember 30, 2026"
2026-09-30 23:22:25,2105437108206985639,@penguins,"Sep 30, 2026",https://twitter.com/GameDayLines/status/2105437108206985639,oembed,False,True,"Tonight's lines 👇\npic.twitter.com/cGvb2nQ4G9\n— Pittsburgh Penguins (@penguins)\nSeptember 30, 2026"
2026-10-01 01:16:27,2105466270070264224,@ethan_sears,"Sep 30, 2026",https://twitter.com/GameDayLines/status/2105466270070264224,oembed,False,False,"Looks like Maccelli and Duclair have switched spots\n— Ethan Sears (@ethan_sears)\nOctober 1, 2026"
2026-10-01 01:16:27,2105466470578925695,@B_Sommermann,"Sep 30, 2026",https://twitter.com/GameDayLines/status/2105466470578925695,oembed,False,False,"Flyers now running these forward lines...\nTippett-Zegras-Konecny\nFoerster-Dvorak-Michkov\nBump-Cates-Acciari\nGrundstrom-Couturier-Martone\n— Brandon J. Sommermann (@B_Sommermann)\nOctober 1, 2026"
2026-10-01 01:22:30,2105467155412300193,@AGrossNewsday,"Sep 30, 2026",https://twitter.com/GameDayLines/status/2105467155412300193,oembed,False,False,"#Isles\nPP\nSchaefer\nMaccelli-Horvat-Schenn\nPalmieri\n— Andrew Gross (@AGrossNewsday)\nOctober 1, 2026"
2026-10-01 02:02:25,2105476593967894778,@DooleyLAK,"Sep 30, 2026",https://twitter.com/GameDayLines/status/2105476593967894778,oembed,False,False,"Tonight's\n@LAKings\nLine Rushes -\nPanarin - Byfield - Kempe\nZuccarello - Turcotte - Laferriere\nMoore - Laughton - Haula\nLee - Helenius - Armia\nDumoulin - Doughty\nEdmundson - Clarke\nAnderson - Ceci\nKuemper\nForsberg\n— Zach Dooley (@DooleyLAK)\nOctober 1, 2026"
2026-10-01 02:02:25,2105476662435700924,@baileyycurtis,"Sep 30, 2026",https://twitter.com/GameDayLines/status/2105476662435700924,oembed,False,False,"Warm-up lines for the Avs (11-7) ahead of opening night against the LA Kings:\nLehkonen - MacKinnon - Necas\nLandeskog - Nelson - Kadri\nSchwartz - Svechkov - Hughes\nKelly - Roy\nToews - Makar\nKulak - Malinski\nManson - Burns\nJuulsen\nBlackwood (starter)\nWedgewood\n— Bailey Curtis (@baileyycurtis)\nOctober 1, 2026"
2026-10-01 14:42:22,2105668503336255944,@InStilettos_NHL,"Oct 1, 2026",https://twitter.com/GameDayLines/status/2105668503336255944,oembed,False,False,"#NJDevils\nMorning Skate Lines & Pairs:\nMeier - Hischier - Evangelista\nMantha - Hughes - Bratt\nGritsyuk - Rodrigues - Mercer\nLombardi - Glass - Noesen\nHughes - Pesce\nSiegenthaler - Hamilton\nDillon - Chisholm\nAllen | Daws\nExtra: Boqvist & Kovacevic\n— Kristy Flannery (@InStilettos_NHL)\nOctober 1, 2026"
2026-10-01 15:17:35,2105677486277230887,@EddieInTheYard,"Oct 1, 2026",https://twitter.com/GameDayLines/status/2105677486277230887,oembed,False,False,"#GoBolts\nGame 1 morning skate power play 1:\nCarlson-Hagel-Point-Kucherov-Guentzel\n— Eduardo A. Encina (@EddieInTheYard)\nOctober 1, 2026"
2026-10-01 15:17:35,2105677753806619024,@bellefraser1,"Oct 1, 2026",https://twitter.com/GameDayLines/status/2105677753806619024,oembed,False,False,"Bruins practice lines:\nPeterka-E. Lindholm-Pastrnak\nMittelstadt-Zacha-Geekie\nHagens-Minten-Khusnutdinov\nJeannot-Kuraly-Kastelic\nEyssimont, Poitras\nH. Lindholm-Borgen\nZadorov-Clifton\nAspirot-Lohrei\nBrunet-McAvoy\nSwayman\nDiPietro\n— Belle Fraser (@bellefraser1)\nOctober 1, 2026"
2026-10-01 15:17:35,2105677861403144613,@Gabby_Shirley_,"Oct 1, 2026",https://twitter.com/GameDayLines/status/2105677861403144613,oembed,False,False,"a look at the\n#Bolts\nlines and D pairings from their morning skate:\nMikheyev - Point - Kucherov\nHagel - Cirelli - Guentzel\nViel - Girgensons - Holmberg\nGoncalves - Harkins - Geekie\nSabourin\nMoser - Carlson\nMcDonagh - Cernak\nHedman - D’Astous\nLilleberg - Crozier\n— Gabby Shirley (@Gabby_Shirley_)\nOctober 1, 2026"
2026-10-01 15:17:35,2105677915610370363,@RyanHenkel_,"Oct 1, 2026",https://twitter.com/GameDayLines/status/2105677915610370363,oembed,False,False,"Canes practice lines (10/1):\nSvechnikov-Aho-Robinson\nHall-Stankoven-Blake\nEhlers-Staal-Martinook\nCarrier-Jankowski-Deslauriers\nKotkaniemi-Jarvis*\nSlavin-Chatfield\nMiller-Walker\nGostisbehere-Legault\nReilly\nKochetkov**\nBussi\n*Yellow, non-contact jersey\n**Starter's crease\n— Ryan Henkel (@RyanHenkel_)\nOctober 1, 2026"
2026-10-01 15:22:36,2105678016043008282,@HeleneStJames,"Oct 1, 2026",https://twitter.com/GameDayLines/status/2105678016043008282,oembed,False,False,"Red Wings practice, day before seasoner opener vs NYR.\nDeBrincat-Copp-Raymond\nFinnie-Compher-Arvidsson\nAppleton-Danielson-MBN\nRasmussen-Kasper-Kolesar\nLarkin & Mazur extras\nSeider, ASP, Anton & Albert Johansson, Faulk, JBD, Wallinder. Don't see Chiarot.\nGibson & Tarasov\npic.twitter.com/NPQhjapQ8T\n— Helene St. James (@HeleneStJames)\nOctober 1, 2026"
2026-10-01 15:22:36,2105678201968070679,@TomGulittiNHL,"Oct 1, 2026",https://twitter.com/GameDayLines/status/2105678201968070679,oembed,False,False,"No changes again at Capitals practice today ahead of opener at Carolina tomorrow.:\nTuch-Dubois-Wilson\nOvechkin-Strome-Leonard\nA.Protas-I.Protas-Kyrou\nJenner-Sourdif-Beauvillier\nMiroshnichenko\nChychrun-Roy\nHutson-Desharnais\nFehervary-Liljegren\nFrank-McIlrath\nThompson\nLindgren\n— Tom Gulitti (@TomGulittiNHL)\nOctober 1, 2026"
2026-10-01 15:31:30,2105681710394507657,@BrianHedger,"Oct 1, 2026",https://twitter.com/GameDayLines/status/2105681710394507657,oembed,False,False,"Here's tonight's\n#CBJ\nprojected lineup:\nKnies-Fantilli-Johnson\nNichushkin-Monahan-Garland\nSillinger-Coyle-Olivier\nLomberg-Voronkov-Heinen\nWerenski-Mateychuk\nSoucy-Andrae\nChristiansen-Gudbranson\nGreaves\nTalbot\n— Brian Hedger (@BrianHedger)\nOctober 1, 2026"
2026-10-01 15:47:23,2105684284594159633,@KieserNick,"Oct 1, 2026",https://twitter.com/GameDayLines/status/2105684284594159633,oembed,False,False,"How the\n#Preds\nlook before opening night.\nStamkos - O'Reilly - Kerfoort\nForsberg - Wood - Hoglander\nColton - Bourque - Marchessault\nSchaefer - Drury - Edstrom\nJosi - Ukfo\nSkjei - Perbix\nHague - Wilsby\nSaros\nAnnunen\n— Nick Kieser🏒 (@KieserNick)\nOctober 1, 2026"
2026-10-01 15:52:30,2105685996813549767,@rachelmlenzi,"Oct 1, 2026",https://twitter.com/GameDayLines/status/2105685996813549767,oembed,False,False,"Morning skate lines/defensive pairs for the\n#Sabres\nin Columbus:\nNorris-Thompson-Doan\nBenson-Ostlund-Quinn\nKrebs-McLeod-Helenius\nKulich-Carrick-Malenstyn\nDahlin-Samuelsson\nPower-Crevier\nGrzelcyk-Metsa\n— Rachel Lenzi 💁🏻‍♀️😎💥 (@rachelmlenzi)\nOctober 1, 2026"
2026-10-01 15:52:30,2105686075414863896,@MaxHerzTalks,"Oct 1, 2026",https://twitter.com/GameDayLines/status/2105686075414863896,oembed,False,False,"Preds morning skate PP units:\nPP1 Josi Stamkos Forsberg Wood O’Reilly\nPP2 Ufko Bourque Marchessault Colton Kerfoot\n— Max Herz (@MaxHerzTalks)\nOctober 1, 2026"
2026-10-01 16:22:34,2105694508016922933,@danielleBain,"Oct 1, 2026",https://twitter.com/GameDayLines/status/2105694508016922933,oembed,False,False,"Lines at\n#NHLJets\npractice:\nConnor - Scheifele - Perfetti\nRosén - Björck - Vilardi\nBarron - Lowry - Lambert\nNiederreiter - Namestnikov - lafallo\nExtra: Koepke\nMorrissey - DeMelo\nSamberg- Pionk\nFerraro - Bauer\nExtra: Fleury - St. Ivany\nSkinner\nStevenson\n— danielle bain (@danielleBain)\nOctober 1, 2026"
2026-10-01 16:42:36,2105697599697174642,@PensInsideScoop,"Oct 1, 2026",https://twitter.com/GameDayLines/status/2105697599697174642,oembed,False,False,"Kindel jumped in on the fourth line in Lizotte's absence (feel like he and Dewar switched C/W):\nRobertson-Crosby-Rakell\nChinakhov-Novak-Malkin\nHallander-Lapierre-Koivunen\nDewar-Kindel-Soderblom\nCarlile-Karlsson\nvan Riemsdyk-Letang\nGirard-Korczak\n(McGroarty/Gustafsson-Solovyov)\n— Pens Inside Scoop (@PensInsideScoop)\nOctober 1, 2026"
2026-10-01 16:46:30,2105699736544010534,@BagleyKSLsports,"Oct 1, 2026",https://twitter.com/GameDayLines/status/2105699736544010534,oembed,False,False,"PP1: Cooley - Schmaltz - Keller\nGuenther - Sergachev\nPP2: Lee - Trocheck - Carcone\nBut - Marino\n#TusksUp\n#Blackhawks\n— Cole Bagley (@BagleyKSLsports)\nOctober 1, 2026"
2026-10-01 16:46:30,2105699888734273719,@BagleyKSLsports,"Oct 1, 2026",https://twitter.com/GameDayLines/status/2105699888734273719,oembed,False,False,"Forward lines from this morning:\nSome interesting rushes on that second line.\nKeller - Schmaltz - Trocheck\nYamamoto/Lee - Cooley - Guenther\nCrouse - Hayton - McBain\nCarcone - Stenlund - But\n#TusksUp\n#Blackhawks\n— Cole Bagley (@BagleyKSLsports)\nOctober 1, 2026"
2026-10-01 17:37:31,2105713167720718635,@CurtisPashelka,"Oct 1, 2026",https://twitter.com/GameDayLines/status/2105713167720718635,oembed,False,False,"#SJSharks\npower play units\nPP1 -- Celebrini, Smith, Chernyshov, Wennberg, Cagnoni\nPP2 -- Orlov, Stenberg, Toffoli, Misa, Marchment\n— Curtis Pashelka (@CurtisPashelka)\nOctober 1, 2026"
2026-10-01 17:42:09,2105713214197493837,@CurtisPashelka,"Oct 1, 2026",https://twitter.com/GameDayLines/status/2105713214197493837,oembed,False,False,"#SJSharks\ndidn't run lines this AM but based on jersey color, I don't anticipate any changes from this\nMarchment-Celebrini-Smith\nStenberg-Wennberg-Graf\nChernyshov-Misa-Toffoli\nGoodrow-Ostapchuk-Sherwood\n— Curtis Pashelka (@CurtisPashelka)\nOctober 1, 2026"
2026-10-01 17:47:29,2105714637136081296,@benkuzma,"Oct 1, 2026",https://twitter.com/GameDayLines/status/2105714637136081296,oembed,False,False,"Lines and pairings from morning skate. Expect Kevin Lankinen to get the net again.\nDeBrusk-Pettersson-Lekkerimaki.\nOhgren-Rossi-Boeser.\nO’Connor-Sasson-Karlsson.\nBains-Cotter-Gallagher.\nBuium-Hronek.\nOleksiak-Willander.\nPettersson-Schenn.\nLankinen\n#Canucks\n#Oilers\n— Ben Kuzma 🇨🇦🇺🇦 (@benkuzma)\nOctober 1, 2026"
2026-10-01 17:47:29,2105714699509600412,@sound_hockey,"Oct 1, 2026",https://twitter.com/GameDayLines/status/2105714699509600412,oembed,False,False,"#SeaKraken\nlines at AM skate. Curtis Douglas will make his Kraken debut. Meyers, Ottavainen, and Fleury the scratches.\nMcCann / Beniers / Kakko\nMcMann / Stephenson / Eberle\nWinterton / Catton / Wright\nDouglas / Gaudreau / Melanson\nMeyers\nDunn / Larsson\nEvans / Montour\nMahura…\npic.twitter.com/sR5G1HMtfb\n— Sound Of Hockey (@sound_hockey)\nOctober 1, 2026"
2026-10-01 17:51:24,2105716220863607238,@SteinbergYYC,"Oct 1, 2026",https://twitter.com/GameDayLines/status/2105716220863607238,oembed,False,False,"#Flames\ntonight in game one vs. Seattle:\nGridin-Frost-Coronato\nHonzek-Backlund-Farabee\nZary-Strome-Sharangovich\nTsyplakov-Pospisil-Klapka\nBahl-Nemec\nKuznetsov-Whitecloud\nMiddleton-Parekh\nWolf\n— Pat Steinberg (@SteinbergYYC)\nOctober 1, 2026"
2026-10-01 17:56:26,2105717813881282669,@Derek_Lee27,"Oct 1, 2026",https://twitter.com/GameDayLines/status/2105717813881282669,oembed,False,False,"Ducks practice lines (10/01):\nGreer-Carlsson-Gauthier\nSennecke-Granlund-Killorn\nNesterenko-Poehling-Vatrano\nMalott-Washe-Caulfield\nKlepov-Colangelo\nLaCombe-Luneau\nMintyukov-Mitchell\nHinds-Warren/Jensen\nDostál | Husso\n#FlyTogether\n— Derek Lee (@Derek_Lee27)\nOctober 1, 2026"
2026-10-01 18:12:25,2105720802867863907,@DannyWebster21,"Oct 1, 2026",https://twitter.com/GameDayLines/status/2105720802867863907,oembed,False,False,"No changes to the lines and pairs at practice.\nBarbashev-Eichel-Stone\nHowden-Karlsson-Marner\nConnelly-Hertl-Olofsson\nBowman-Dowd-Gatcomb\nMcNabb-Theodore\nWotherspoon-Andersson\nLauzon-Hanifin\n— Danny Webster (@DannyWebster21)\nOctober 1, 2026"
2026-10-01 18:37:26,2105728204849983658,@Bob_Stauffer,"Oct 1, 2026",https://twitter.com/GameDayLines/status/2105728204849983658,oembed,False,False,"The\n@EdmontonOilers\nmorning skate in Vancouver:\nPodkolzin-McDavid-Draisaitl\nJones-Dach-Kapanen\nFormenton-Michaels-Joseph\nHoward-Samanski-Frederic\nEkholm-Bouchard\nShea-Murphy\nWalman-Mukhamadullin\nLevi\n(Zach Hyman not on trip. Mike Babcock will update after practice)\n— Bob Stauffer (@Bob_Stauffer)\nOctober 1, 2026"
2026-10-01 22:42:27,2105788703134343387,@EddieInTheYard,"Oct 1, 2026",https://twitter.com/GameDayLines/status/2105788703134343387,oembed,False,False,"#GoBolts\nGame 1 10/1 at\n#NYR\npregame warmups:\nMikheyev-Point-Kucherv\nHagel-Cirelli-Guentzel\nViel-Girgensons-Holmberg\nGoncalves-Harkins-Geekie\nMoser-Carlson\nMcDonagh-Cernak\nHedman-D'Astous\nVasilevskiy\nHildeby\n— Eduardo A. Encina (@EddieInTheYard)\nOctober 1, 2026"
2026-10-01 22:42:27,2105788740782424500,@SGNolan,"Oct 1, 2026",https://twitter.com/GameDayLines/status/2105788740782424500,oembed,False,False,"#Flyers\nwarmup lines vs. NJD:\nKonecny - Dvorak - Martone\nBump - Zegras - Tippett\nFoerster - Cates - Michkov\nGrundstrom - Acciari - Couturier\nSanheim - Ristolainen\nYork - Drysdale\nSeeler - Benoit\nWoll starts in net, Vladar backs him up.\n— Siobhan Nolan (@SGNolan)\nOctober 1, 2026"
2026-10-01 22:47:29,2105791155669807376,@mark_scheig,"Oct 1, 2026",https://twitter.com/GameDayLines/status/2105791155669807376,oembed,False,False,"#CBJ\nlines/pairs in warmups vs. Sabres.\nKnies-Fantilli-Johnson\nNichushkin-Monahan-Garland\nSillinger-Coyle-Olivier\nVoronkov-Heinen-Lomberg\nWerenski-Mateychuk\nSoucy-Andrae\nChristiansen-Gudbranson\nGreaves\nTalbot\nOut: Del Bel Belluz\n— Mark Scheig (@mark_scheig)\nOctober 1, 2026"
2026-10-01 22:47:29,2105791200179695875,@Peter_Baugh,"Oct 1, 2026",https://twitter.com/GameDayLines/status/2105791200179695875,oembed,False,False,"#NYR\nlines: Chmelař appears to draw in\nPerreault-Zibanejad-Lafrenière\nBjorkstrand-Miller-Dorofeyev\nCuylle-Laba-Tolvanen\nKartye-Veleno-Chmelař\nGavrikov-Fox\nPettersson-Durzi\nŠmits-Schneider\nShesterkin\nGarand\n— Peter Baugh (@Peter_Baugh)\nOctober 1, 2026"
2026-10-01 22:52:27,2105791255737491820,@MatthewFairburn,"Oct 1, 2026",https://twitter.com/GameDayLines/status/2105791255737491820,oembed,False,False,"No surprises for the Sabres in warmups here in Columbus.\nNorris-Thompson-Doan\nBenson-Ostlund-Quinn\nKrebs-McLeod-Helenius\nKulich-Carrick-Malenstyn\nSamuelsson-Dahlin\nPower-Crevier\nGrzelcyk-Metsa\nLuukkonen in net.\n— Matthew Fairburn (@MatthewFairburn)\nOctober 1, 2026"
2026-10-01 22:52:27,2105791537171071038,@NJDevils,"Oct 1, 2026",https://twitter.com/GameDayLines/status/2105791537171071038,oembed,False,True,"Coming out swinging.\npic.twitter.com/qplQ5gTEss\n— New Jersey Devils (@NJDevils)\nOctober 1, 2026"
2026-10-01 23:41:31,2105804276589359258,@brooksbratten,"Oct 1, 2026",https://twitter.com/GameDayLines/status/2105804276589359258,oembed,False,False,"#Preds\nlineup in warmups:\nStamkos-O'Reilly-Kerfoot\nForsberg-Wood-Hoglander\nColton-Bourque-Marchessault\nSchaefer-Drury-Edstrom\nJosi-Ufko\nSkjei-Perbix\nHague-Wilsby\nSaros\nAnnunen\n— Brooks Bratten (@brooksbratten)\nOctober 1, 2026"
2026-10-01 23:41:31,2105804390317875319,@Erik_Erlendsson,"Oct 1, 2026",https://twitter.com/GameDayLines/status/2105804390317875319,oembed,False,False,"Power play one:\nCarlson-Point-Kucherov-Guentzel-Hagel\n— Lightning Insider (@Erik_Erlendsson)\nOctober 1, 2026"
2026-10-01 23:41:31,2105804590960775264,@Diandra_loux,"Oct 1, 2026",https://twitter.com/GameDayLines/status/2105804590960775264,oembed,False,False,"Power Play 2: D'Astous-Geekie-Holmberg-Cirelli-Goncalves\n#GoBolts\nhttps://t.co/HubvLKn1CY\n— Diandra Loux (@Diandra_loux)\nOctober 1, 2026"
2026-10-01 23:51:24,2105807352813535568,@DylanLoucks4,"Oct 1, 2026",https://twitter.com/GameDayLines/status/2105807352813535568,oembed,False,False,"#mnwild\nvs\n#smashville\nColeman-Eriksson Ek-Boldy\nKaprizov-Yurov-Shabanov\nTrenin-Hartman-Brink\nM.Foligno-McCarron-N.Foligno\nHughes-Spurgeon\nMaatta-Brodin\nHunt-Bogosian\nWallstedt\n— Dylan Loucks (@DylanLoucks4)\nOctober 1, 2026"
2026-10-02 00:26:24,2105816073186750489,@DylanLoucks4,"Oct 1, 2026",https://twitter.com/GameDayLines/status/2105816073186750489,oembed,False,False,"Kaprizov draws a penalty.\n#mnwild\nto the power play. Shabanov is on the top unit with Kaprizov, Boldy, Eriksson Ek and Hughes.\n— Dylan Loucks (@DylanLoucks4)\nOctober 2, 2026"
2026-10-02 00:47:28,2105821105235894396,@RyanNPike,"Oct 1, 2026",https://twitter.com/GameDayLines/status/2105821105235894396,oembed,False,False,"#Flames\nin warm-up (game 1) in the order they skated:\nGridin - Frost - Coronato\nHonzek - Backlund - Farabee\nZary - Strome - Sharangovich\nTsyplakov - Pospisil - Klapka\nBahl - Nemec\nMiddleton - Parekh\nKuznetsov - Whitecloud\nWolf\nCooley\n— Ryan Pike (@RyanNPike)\nOctober 2, 2026"
2026-10-02 00:51:27,2105821556807209276,@sound_hockey,"Oct 1, 2026",https://twitter.com/GameDayLines/status/2105821556807209276,oembed,False,False,"Here's how the\n#SeaKraken\nwill line up against the\n#Flames\nin Game 1 of the season.\nCurtis Douglas making his SEA debut. Fleury, Ottavainen, and Meyers scratched. Samoskevich injured.\npic.twitter.com/ZwfVXPsE9Q\n— Sound Of Hockey (@sound_hockey)\nOctober 2, 2026"
2026-10-02 01:02:23,2105824636508479742,@EddieInTheYard,"Oct 1, 2026",https://twitter.com/GameDayLines/status/2105824636508479742,oembed,False,False,"Kucherov with Hagel and Cirelli. Holmberg, Point, Guentzel now together.\n#gobolts\n— Eduardo A. Encina (@EddieInTheYard)\nOctober 2, 2026"
2026-10-02 01:12:25,2105826425781792889,@utahmammoth,"Oct 1, 2026",https://twitter.com/GameDayLines/status/2105826425781792889,oembed,False,True,"Back where we belong.\nProjected lines ⬇️\npic.twitter.com/BZ9zh3uHdL\n— Utah Mammoth (@utahmammoth)\nOctober 2, 2026"
2026-10-02 01:42:29,2105834997722861618,@BatchHockey,"Oct 1, 2026",https://twitter.com/GameDayLines/status/2105834997722861618,oembed,False,False,"Warmup\n#Canucks\nlines vs.\n@EdmontonOilers\nDeBrusk. EP40. Lekkerimäki.\nÖhgren. Rossi. Boeser.\nO’Connor. Sasson. Karlsson.\nBains. Cotter. Gallagher.\nBuium. Hronek.\nOleksiak. Willander.\nEP25. Schenn.\n🥅Lankinen🥅\n7pm on\n@KiSSWestCoast\nand Seekr!\nhttps://t.co/HTBx3hFK10\npic.twitter.com/B1uBFihcLi\n— Brendan Batchelor (@BatchHockey)\nOctober 2, 2026"
2026-10-02 01:42:29,2105835153176318286,@CurtisPashelka,"Oct 1, 2026",https://twitter.com/GameDayLines/status/2105835153176318286,oembed,False,False,"#SJSharks\nlines, d-pairs in warm-ups\nMarchment-Celebrini-Smith\nStenberg-Wennberg-Graf\nChernyshov-Misa-Toffoli\nGoodrow-Ostapchuk-Sherwood\nNurse-Kesselring\nAllan-Trouba\nOrlov-Cagnoni\nAskarov\n— Curtis Pashelka (@CurtisPashelka)\nOctober 2, 2026"
2026-10-02 01:46:23,2105835375021408669,@JamesonCoop,"Oct 1, 2026",https://twitter.com/GameDayLines/status/2105835375021408669,oembed,False,False,"#FlaPanthers\nlines vs.\n#Sharks\n⬇️\nB. Tkachuk - Barkov - Reinhart\nVerhaeghe - Bennett - M. Tkachuk\nLuostarinen - Lundell - Vilmanis\nImama - Eller - Hathaway\nForsling - Ekblad\nMikkola - Jones\nKulikov - Gudas\nSchmid\nMarkstrom\n— Jameson Olive (@JamesonCoop)\nOctober 2, 2026"
2026-10-02 02:22:26,2105845164384325834,@J_McPherson1126,"Oct 1, 2026",https://twitter.com/GameDayLines/status/2105845164384325834,oembed,False,False,"#FlaPanthers\nD pairs (at least early on) in San Jose are...\nKulikov-Ekblad\nMikkola-Jones\nBalinskis-Gudas\nhttps://t.co/cSpT6Aok96\n— Jordan McPherson (@J_McPherson1126)\nOctober 2, 2026"
2026-10-02 02:42:22,2105849541685879285,@J_McPherson1126,"Oct 1, 2026",https://twitter.com/GameDayLines/status/2105849541685879285,oembed,False,False,"With Brady Tkachuk in the penalty box following his fight with Jacob Trouba, Carter Verhaeghe is on PP1 with Aleksander Barkov, Matthew Tkachuk, Sam Reinhart and Seth Jones\n— Jordan McPherson (@J_McPherson1126)\nOctober 2, 2026"
2026-10-02 03:26:26,2105859567804698997,@Mandoman12,"Oct 1, 2026",https://twitter.com/GameDayLines/status/2105859567804698997,oembed,False,False,"Barkov not with PP1 as he is still getting attended to after taking a stick to the face and bleeding.\nLundell in his spot.\n#FLAPanthers\n— Armando Velez (@Mandoman12)\nOctober 2, 2026"
2026-10-02 04:02:27,2105870705875423374,@CRoumeliotis,"Oct 2, 2026",https://twitter.com/GameDayLines/status/2105870705875423374,oembed,False,False,"The top line in the third period has been Kantserov-Nazar-Kane, which was the first line all of training camp.\n#Blackhawks\n— Charlie Roumeliotis (@CRoumeliotis)\nOctober 2, 2026"
2026-10-02 13:41:59,2106015993038245910,@AnsarKhanMLive,"Oct 2, 2026",https://twitter.com/GameDayLines/status/2106015993038245910,oembed,False,False,"#RedWings\nlines:\nDeBrincat-Copp-Raymond\nFinnie-Compher-Arvidsson\nRasmussen-Kasper-Kolesar\nAppleton-Danielson-MBN\nLarkin/Mazur\nD pairs shuffling around a bit but I think it’s:\nAlbert Johansson-Seider\nFaulk-ASP\nChiarot-Anton Johansson\nJBD/Wallinder/Englund\npic.twitter.com/KvH5y2VEcb\n— Ansar Khan (@AnsarKhanMLive)\nOctober 2, 2026"
2026-10-02 13:47:21,2106017298125361561,@AnsarKhanMLive,"Oct 2, 2026",https://twitter.com/GameDayLines/status/2106017298125361561,oembed,False,False,"#RedWings\npower play:\n1. Arvidsson/Copp (net front/bumper alternating), DeBrincat-Raymond (flanks), Seider (point).\n2. Rasmussen (net front), Kasper (bumper), ASP-Finnie (flanks), Faulk (point).\npic.twitter.com/GmamqfGXk5\n— Ansar Khan (@AnsarKhanMLive)\nOctober 2, 2026"
2026-10-02 14:41:28,2106030522216395023,@RyanHenkel_,"Oct 2, 2026",https://twitter.com/GameDayLines/status/2106030522216395023,oembed,False,False,"Canes morning skate lines (10/2):\nSvechnikov-Aho-Robinson\nHall-Stankoven-Blake\nEhlers-Staal-Martinook\nCarrier-Jankowski-Deslauriers\nKotkaniemi-Jarvis\nSlavin-Chatfield\nMiller-Walker\nGostisbehere-Legault\nReilly\nBussi**\nKochetkov\n*Yellow, non-contact\n**Starter's crease\n— Ryan Henkel (@RyanHenkel_)\nOctober 2, 2026"
2026-10-02 14:52:26,2106033227018481828,@stefen_rosner,"Oct 2, 2026",https://twitter.com/GameDayLines/status/2106033227018481828,oembed,False,False,"#Isles\nlines at Friday's practice\n@bullsmithsli\n:\nHeineman-Horvat-Palmieri\nEklund-Ritchie-Schenn\nHolmstrom-Pageau-Duclair\nPalat-Cizikas-Maccelli\nE: MacLean\nPelech-Schaefer\nRomanov-Pulock\nStanley-DeAngelo\nE: Kessel-Mayfield\nSorokin\nVarlamov\n— Stefen Rosner (@stefen_rosner)\nOctober 2, 2026"
2026-10-02 15:32:30,2106044109664162173,@RobertTiffin,"Oct 2, 2026",https://twitter.com/GameDayLines/status/2106044109664162173,oembed,False,False,"Dallas lines at morning skate:\nHryckowian-Johnston-Rantanen\nRobertson-Hintz-Seguin\nSteel-Hyry-Benn\nBäck-Faksa-Kiviranta\nBlackwell\nHarley-Heiskanen\nLindell-Lundkvist\nBichsel-Myers\nCapobianco\nOettinger\nDeSmith\n— Robert Tiffin (@RobertTiffin)\nOctober 2, 2026"
2026-10-02 15:37:31,2106044226215583941,@markhmasters,"Oct 2, 2026",https://twitter.com/GameDayLines/status/2106044226215583941,oembed,False,False,"Leafs lines at practice\nMarchenko - Matthews - Roslovic\nMcKenna - Tavares - Nylander\nCowan - Paul - Sissons\nDuhaime - Blueger - Groulx\nMacEwen\nMcCabe - Tanev\nRielly - Raddysh\nEkman-Larsson - Stecher\nBlankenburg\nBobrovsky\nStolarz\nHost Sens tomorrow\n@TSN_Sports\npic.twitter.com/QMyVGrzKMo\n— Mark Masters (@markhmasters)\nOctober 2, 2026"
2026-10-02 15:37:31,2106044336726999088,@OtherNHLCrosby,"Oct 2, 2026",https://twitter.com/GameDayLines/status/2106044336726999088,oembed,False,False,"#Pens\nlines:\nRobertson--Crosby--Rakell\nChinakhov--Novak--Malkin\nKoivunen--Lapierre--Hallander\nDewar--Kindel--Kuzmenko\nCarlile--Karlsson\nvan Riemsdyk--Letang\nGirard--Korczak\n— Wes Crosby (@OtherNHLCrosby)\nOctober 2, 2026"
2026-10-02 15:37:31,2106044402514661491,@TSN1200,"Oct 2, 2026",https://twitter.com/GameDayLines/status/2106044402514661491,oembed,False,False,"Line rushes\n@Senators\npractice\nFoegele-Stutzle-Batherson\nEklund-Cozens-Zetterlund\nAmadio-Pinto-Giroux\nCousins-Halliday-Hodgson\nSanderson-Matinpalo\nChabot-Spence\nKleven-Yakemchuk\nCrotty.\nZub/Burakovsky in non contact jerseys.\n— TSN 1200 Ottawa (@TSN1200)\nOctober 2, 2026"
2026-10-02 15:41:27,2106045486738108712,@JG_PxP,"Oct 2, 2026",https://twitter.com/GameDayLines/status/2106045486738108712,oembed,False,True,"Pens Ben Kindel is working w/top PP unit (Crosby, Karlsson, Rakell, Novak) at today’s practice after taking line rushes earlier. Looks positive for a return to the lineup Sat.\nSecond PP: Letang, Malkin, Chinakhov, Lapierre & Andrei Kuzmenko - who also may be on track to return\npic.twitter.com/btfiym1aGb\n— Josh Getzoff (@JG_PxP)\nOctober 2, 2026"
2026-10-02 15:47:24,2106047653255520373,@samnestler,"Oct 2, 2026",https://twitter.com/GameDayLines/status/2106047653255520373,oembed,False,False,"PP1: Heiskanen, Rantanen, Robertson, Johnston, Hintz\nPP2: Harley, Lindell, Hryckowian, Benn, Seguin\nhttps://t.co/QT8J78d7c6\n— Sam Nestler (@samnestler)\nOctober 2, 2026"
2026-10-02 15:52:31,2106048141078196288,@markhmasters,"Oct 2, 2026",https://twitter.com/GameDayLines/status/2106048141078196288,oembed,False,False,"Leafs PP units at practice\nRaddysh\nMatthews - Marchenko - Nylander\nTavares\nRielly\nMcKenna - Paul - Roslovic\nCowan\n@TSN_Sports\n— Mark Masters (@markhmasters)\nOctober 2, 2026"
2026-10-02 15:52:31,2106048516367819145,@JohnWaltonPxP,"Oct 2, 2026",https://twitter.com/GameDayLines/status/2106048516367819145,oembed,False,False,"Morning skate lines:\nTuch-Dubois-Wilson\nOvechkin-Strome-Leonard\nA.Protas-I.Protas-Kyrou\nJenner-Sourdif-Beauvillier\nChychrun-Roy\nFehervary-Liljegren\nHutson-Desharnais\nThompson first off and starts.\npic.twitter.com/lUN7E8wixq\n— John Walton (@JohnWaltonPxP)\nOctober 2, 2026"
2026-10-02 15:52:31,2106049042744496310,@danielleBain,"Oct 2, 2026",https://twitter.com/GameDayLines/status/2106049042744496310,gamedaytweets_preview,False,False,@danielleBain\nIt’s opening night for the #NHLJets !!! Here are expected lines for tonight:\nScheifele - Connor - Perfetti\nRosén - Björck - Vilardi\nBarron - Lowry - Lambert\nNiederreiter - Namestnikov - Iafallo\nMorrissey - DeMelo\nSamberg - Pionk\nFerraro - Bauer\nSkinner\nStevenson https://t.co/5ibae4dDVJ
2026-10-02 16:27:29,2106056072553218447,@amandacstein,"Oct 2, 2026",https://twitter.com/GameDayLines/status/2106056072553218447,oembed,False,False,"No changes for\n#NJDevils\ntoday from opening night.\nHere’s how they’re lining up today before heading to Long Island:\npic.twitter.com/3LKG9dZvq8\n— Amanda Stein (@amandacstein)\nOctober 2, 2026"
2026-10-02 16:42:24,2106061974995927369,@jprutherford,"Oct 2, 2026",https://twitter.com/GameDayLines/status/2106061974995927369,oembed,False,False,"#stlblues\nmorning skate lineup in Dallas:\nHolloway-Thomas-Snuggerud\nBuchnevich-McTavish-McMichael\nNeighbours-Dvorsky-Berggren\nToropchenko-Suter-Johnston\nBroberg-Jiricek\nLindstein-Parayko\nFowler-Carlo\nHofer in starter’s net\n— Jeremy Rutherford (@jprutherford)\nOctober 2, 2026"
2026-10-02 16:46:31,2106062330555744574,@KieserNick,"Oct 2, 2026",https://twitter.com/GameDayLines/status/2106062330555744574,oembed,False,False,"Forward lines the same today\nStamkos - O’Reilly - Kerfoot\nForsberg - Wood - Hoglander\nColton - Bourque - Marchessault\nSchaefer - Drury - Edstrom\nhttps://t.co/rfjddnb3pQ\n— Nick Kieser🏒 (@KieserNick)\nOctober 2, 2026"
2026-10-02 16:52:29,2106063819848204504,@jprutherford,"Oct 2, 2026",https://twitter.com/GameDayLines/status/2106063819848204504,oembed,False,False,"#stlblues\npower-play units:\nPP1\nSnuggerud, Thomas, Holloway, MacTavish, Fowler\nPP2\nBuchnevich, Dvorsky, Neighbours, McMichael, Jiricek\n— Jeremy Rutherford (@jprutherford)\nOctober 2, 2026"
2026-10-02 17:52:20,2106078730124968239,@SteinbergYYC,"Oct 2, 2026",https://twitter.com/GameDayLines/status/2106078730124968239,oembed,False,False,"#Flames\nat practice on Friday:\nGridin-Frost-Coronato\nHonzek-Backlund-Farabee\nZary-Strome-Sharangovich\nTsyplakov-Pospisil-Klapka\nOthmann\nBahl-Whitecloud\nHanley-Nemec\nMiddleton-Parekh\nKuznetsov-Pachal\nWolf\nCooley\n— Pat Steinberg (@SteinbergYYC)\nOctober 2, 2026"
2026-10-02 18:26:26,2106086973433889095,@ZachCav,"Oct 2, 2026",https://twitter.com/GameDayLines/status/2106086973433889095,oembed,False,False,"Anaheim Ducks morning skate lines 10/2 @ VGK:\nGreer-Carlsson-Gauthier\nSennecke-Granlund-Killorn\nNesterenko-Poehling-Vatrano\nMalott-Washe-Caulfield\nColangelo-Klepov\nLaCombe-Luneau\nMintyukov-Mitchell\nHinds-Warren\nJensen\nDostál | Husso\n@SportingTrib\n|\n#FlyTogether\npic.twitter.com/hbkWW8qGoj\n— Zach Cavanagh (@ZachCav)\nOctober 2, 2026"
2026-10-02 18:36:28,2106090675003597092,@CurtisPashelka,"Oct 2, 2026",https://twitter.com/GameDayLines/status/2106090675003597092,oembed,False,False,"#SJSharks\nlines, d-pairs in practice\nMarchment-Celebrini-Smith\nChernyshov-Misa-Toffoli\nStenberg-Wennberg-Graf\nGoodrow-Ostapchuk-Sherwood\nLeason-Dellandrea\nNurse-Kesselring\nAllan-Dickinson\nOrlov-Cagnoni\n— Curtis Pashelka (@CurtisPashelka)\nOctober 2, 2026"
2026-10-02 18:42:24,2106091270003466562,@MaxHerzTalks,"Oct 2, 2026",https://twitter.com/GameDayLines/status/2106091270003466562,oembed,False,False,"Preds Friday practice lines:\nStamkos-O’Reilly-Kerfoot\nForsberg-Wood-Höglander\nColton-Bourque-Marchessault\nSchaefer-Drury-Edström\nHague-Josi\nSkjei-Perbix\nTrudeau-Wilsby\nAhcan-Lyubushkin\nSame forwards lines as last night. Ufko sent to AHL on D.\n@1025TheGame\n— Max Herz (@MaxHerzTalks)\nOctober 2, 2026"
2026-10-02 19:02:34,2106096226341143038,@LeggetNHL,"Oct 2, 2026",https://twitter.com/GameDayLines/status/2106096226341143038,oembed,False,False,"At practice today:\nPP1\nPanarin–Byfield–Zuccarello\nKempe–Clarke\nPP2\nLafferiere–Turcotte–Perry\nGustafsson–Doughty\n— Alexander Legget (@LeggetNHL)\nOctober 2, 2026"
2026-10-02 19:02:34,2106096500053000631,@ThomasDrance,"Oct 2, 2026",https://twitter.com/GameDayLines/status/2106096500053000631,oembed,False,False,"#Canucks\nwith some lineup changes at practice Friday out at UBC.\nÖhgren-Cotter-Boeser\nRossi-Pettersson-Karlsson\nBains-Sasson-Lekkerimäki\nDOC-Räty-Gallagher\nExtra: DeBrusk\nBuium-Horonek\nOleksiak-Willander\nDPetey -Schenn\nExtra: Brisebois-Mancini\npic.twitter.com/q3Fz0YndSa\n— Thomas Drance (@ThomasDrance)\nOctober 2, 2026"
2026-10-02 19:46:27,2106107137659482335,@sound_hockey,"Oct 2, 2026",https://twitter.com/GameDayLines/status/2106107137659482335,oembed,False,False,"Melanson is not skating. Samoskevich rotating with fourth line, so probably not in tomorrow.\n#SeaKraken\nKakko / Beniers / McCann\nEberle / Stephenson / McMann\nWright / Catton / Winterton\nGaudreau / Douglas / Meyers / Samoskevich rotating\nDunn / Larsson\nEvans / Montour\nLindgren…\nhttps://t.co/DZVNUB8iU3\n— Sound Of Hockey (@sound_hockey)\nOctober 2, 2026"
2026-10-02 22:11:26,2106144199876002014,@MollieeWalkerr,"Oct 2, 2026",https://twitter.com/GameDayLines/status/2106144199876002014,oembed,False,False,"#NYR\nwarmup lines vs. Red Wings:\nPerreault-Zibanejad-Lafrenière\nBjorkstrand-Miller-Dorofeyev\nCuylle-Laba-Tolvanen\nKartye-Veleno-Chmelař\nGavrikov-Fox\nPettersson-Durzi\nŠmits-Schneider\nGarand\nShesterkin\n— Mollie Walker (@MollieeWalkerr)\nOctober 2, 2026"
2026-10-02 22:16:21,2106145378148196402,@AnsarKhanMLive,"Oct 2, 2026",https://twitter.com/GameDayLines/status/2106145378148196402,oembed,False,False,"#RedWings\nlines in warmups for season-opener vs. NYR on TNT at 6:30:\nDeBrincat-Copp-Raymond\nFinnie-Compher-Arvidsson\nRasmussen-Kasper-Kolesar\nAppleton-Danielson-MBN\nAlbert Johansson-Seider\nChiarot-ASP\nAnton Johansson-Faulk\nGibson starting. Garand for NYR in fourth career game.\npic.twitter.com/3MoTIMfxcA\n— Ansar Khan (@AnsarKhanMLive)\nOctober 2, 2026"
2026-10-02 22:47:29,2106153573231026537,@VogsCaps,"Oct 2, 2026",https://twitter.com/GameDayLines/status/2106153573231026537,oembed,False,False,"#ALLCAPS\nin CAR:\n8-Ovechkin, 17-Strome, 9-Leonard\n89-Tuch, 80-Dubois, 43-Wilson\n21-A Protas, 62-I Protas, 25-Kyrou\n22-Jenner, 34-Sourdif, 72-Beauvillier\n6-Chychrun, 3-Roy\n44-Hutson, 73-Desharnais\n42-Fehervary, 27-Liljegren\n48-Thompson\n— Mike Vogel (@VogsCaps)\nOctober 2, 2026"
2026-10-02 22:47:29,2106153758392729785,@RyanHenkel_,"Oct 2, 2026",https://twitter.com/GameDayLines/status/2106153758392729785,oembed,False,False,"Canes vs. Caps line rushes:\nSvechnikov-Aho-Robinson\nHall-Stankoven-Blake\nEhlers-Staal-Martinook\nCarrier-Jankowski-Deslauriers\nSlavin-Chatfield\nMiller-Walker\nGostisbehere-Legault\nBussi\n— Ryan Henkel (@RyanHenkel_)\nOctober 2, 2026"
2026-10-02 23:41:31,2106167259790217602,@bellefraser1,"Oct 2, 2026",https://twitter.com/GameDayLines/status/2106167259790217602,oembed,False,False,"Bruins warmup lines:\nPeterka-E. Lindholm-Pastrnak\nMittelstadt-Zacha-Geekie\nHagens-Minten-Khusnutdinov\nJeannot-Kuraly-Kastelic\nH. Lindholm-Borgen\nZadorov-Clifton\nAspirot-Lohrei\nSwayman\nDiPietro\n— Belle Fraser (@bellefraser1)\nOctober 2, 2026"
2026-10-03 00:21:25,2106177619452653713,@WaltRuff,"Oct 2, 2026",https://twitter.com/GameDayLines/status/2106177619452653713,oembed,False,False,"Rod Brind'Amour is moving pieces around up front as the\n#Canes\ntry to get something going. All four lines have changed at least one piece —\nHall - Aho - Blake\nEhlers - Stankoven - Svechnikov\nCarrier - Staal - Martinook\nDeslauriers - Jankowski - Robinson\n— Walt Ruff (@WaltRuff)\nOctober 3, 2026"
2026-10-03 00:46:20,2106183648278122913,@samnestler,"Oct 2, 2026",https://twitter.com/GameDayLines/status/2106183648278122913,oembed,False,False,"Stars warmup lines vs STL:\nRobertson - Hintz - Seguin\nHryckowian - Johnston - Rantanen\nSteel - Hyry - Benn\nBäck - Faksa - Kiviranta\nHarley - Heiskanen\nLindell - Lundkvist\nBichsel - Myers\nOettinger\nDeSmith\n— Sam Nestler (@samnestler)\nOctober 3, 2026"
2026-10-03 00:46:20,2106183752665976891,@MDeFranks,"Oct 2, 2026",https://twitter.com/GameDayLines/status/2106183752665976891,oembed,False,False,"Blues during warmup in Dallas:\nHolloway-Thomas-Snuggerud\nBuchnevich-McTavish-McMichael\nNeighbours-Dvorsky-Berggren\nToropchenko-Suter-Johnston\nBroberg-Jiricek\nLindstein-Parayko\nFowler-Carlo\nHofer\nBinnington\n— Matthew DeFranks (@MDeFranks)\nOctober 3, 2026"
2026-10-03 01:16:28,2106190343796556133,@vzmercogliano,"Oct 2, 2026",https://twitter.com/GameDayLines/status/2106190343796556133,oembed,False,False,"Looks like Sullivan has moved Kartye up to the second line with Miller and Dorofeyev this period, while dropping Bjorkstrand down with Veleno and Chmelař. Bjorkstrand has been limited to 4 shifts this period.\n#NYR\n— Vince Z. Mercogliano (@vzmercogliano)\nOctober 3, 2026"
2026-10-03 01:42:01,2106197065705664845,@Derek_Lee27,"Oct 2, 2026",https://twitter.com/GameDayLines/status/2106197065705664845,oembed,False,False,"Ducks warmup lines vs.\n#VegasBorn\n:\nGreer-Carlsson-Gauthier\nSennecke-Granlund-Killorn\nNesterenko-Poehling-Vatrano\nMalott-Washe-Caulfield\nLaCombe-Luneau\nMintyukov-Mitchell\nHinds-Warren\nDostál\n#FlyTogether\n— Derek Lee (@Derek_Lee27)\nOctober 3, 2026"
2026-10-03 01:42:01,2106197148618703291,@DannyWebster21,"Oct 2, 2026",https://twitter.com/GameDayLines/status/2106197148618703291,oembed,False,False,"#VegasBorn\nlines and pairs vs. Anaheim:\nBarbashev-Eichel-Stone\nHowden-Karlsson-Marner\nConnelly-Hertl-Olofsson\nBowman-Dowd-Gatcomb\nMcNabb-Theodore\nWotherspoon-Andersson\nLauzon-Hanifin\nHart\n— Danny Webster (@DannyWebster21)\nOctober 3, 2026"
2026-10-03 01:57:19,2106200557992182062,@smclaughlin9,"Oct 2, 2026",https://twitter.com/GameDayLines/status/2106200557992182062,oembed,False,False,"Lohrei quarterbacking PP1 instead of H. Lindholm here. Also got some time there late last game. Might become a permanent switch. Hasn't looked good with Hampus there.\n— Scott McLaughlin (@smclaughlin9)\nOctober 3, 2026"
2026-10-03 03:36:21,2106225942368801013,,"Oct 2, 2026",https://twitter.com/GameDayLines/status/2106225942368801013,oembed,False,False,"VGK: Howden-Eichel-Stone\nConnelly-Karlsson-Marner\nBowman-Hertl-Olofsson\nBarbashev-Dowd-Gatcomb\nhttps://t.co/dQzxQqFWrG\n— Game Day Lines (@GameDayLines)\nOctober 3, 2026"
2026-10-03 14:32:27,2106391061027234110,@ethan_sears,"Oct 3, 2026",https://twitter.com/GameDayLines/status/2106391061027234110,oembed,False,False,"Isles this morning:\nPelech-Schaefer\nRomanov-Pulock\nStanley-DeAngelo\nHeineman-Horvat-Palmieri\nSchenn-Ritchie-Eklund\nHolmstrom-Pageau-Duclair\nPalat-Cizikas-Maccelli\nSorokin took the morning off but is expected to start.\npic.twitter.com/WiFnYtjsGO\n— Ethan Sears (@ethan_sears)\nOctober 3, 2026"
2026-10-03 14:36:23,2106391983132426573,@JHallNBCS,"Oct 3, 2026",https://twitter.com/GameDayLines/status/2106391983132426573,oembed,False,False,"Flyers at skate. They host Hurricanes. Coverage at 6:30 p.m. ET on\n@NBCSPhilly\n.\nF\nKonecny-Dvorak-Michkov\nGrundstrom-Zegras-Tippett\nFoerster-Cates-Martone\nBump-Acciari-Couturier\nD\nSanheim-Ristolainen\nYork-Drysdale\nSeeler-Jiricek\n— Jordan Hall (@JHallNBCS)\nOctober 3, 2026"
2026-10-03 14:42:31,2106393212570964315,@BenjaminJReport,"Oct 3, 2026",https://twitter.com/GameDayLines/status/2106393212570964315,oembed,False,False,"#GoBolts\nlineup looks a bit different again at morning skate:\nGoncalves-Point-Kucherov\nHagel-Cirelli-Guentzel\nMikheyev-Girgensons-Holmberg\nViel-Harkins-Geekie\nSabourin\nMoser-Carlson\nMcDonagh-Cernak\nHedman-Lilleberg\nD’Astous-Crozier\npic.twitter.com/3rplHTZVOw\n— Benjamin Pierce (@BenjaminJReport)\nOctober 3, 2026"
2026-10-03 14:42:31,2106393960176369691,@Gabby_Shirley_,"Oct 3, 2026",https://twitter.com/GameDayLines/status/2106393960176369691,oembed,False,False,"PP1: Carlson, Hagel, Kucherov, Point, Guentzel\nPP2: D’Astous, Geekie, Goncalves, Cirelli, Holmberg\n— Gabby Shirley (@Gabby_Shirley_)\nOctober 3, 2026"
2026-10-03 14:47:21,2106395315662102937,@AGrossNewsday,"Oct 3, 2026",https://twitter.com/GameDayLines/status/2106395315662102937,oembed,False,False,"#Isles\nPP work at morning skate\nSchaefer\nMaccelli-Horvat-Schenn\nPalmieri\nDeAngelo\nRitchie-Eklund-Heineman\nDuclair\n— Andrew Gross (@AGrossNewsday)\nOctober 3, 2026"
2026-10-03 14:52:27,2106396433842643041,@JHallNBCS,"Oct 3, 2026",https://twitter.com/GameDayLines/status/2106396433842643041,oembed,False,False,"Flyers’ power play units:\nDrysdale, Michkov, Zegras, Foerster, Martone\nYork, Konecny, Tippett, Cates, Bump\n— Jordan Hall (@JHallNBCS)\nOctober 3, 2026"
2026-10-03 15:12:25,2106400444448719102,@AnsarKhanMLive,"Oct 3, 2026",https://twitter.com/GameDayLines/status/2106400444448719102,oembed,False,False,"#RedWings\npractice before hosting Jets tomorrow at 1 on DSN:\nDeBrincat-Copp-Raymond\nArvidsson-Finnie-MBN\nRasmussen-Compher-Kolesar\nMazur-Danielson-Appleton\nLarkin (IR)\nAlbert Johansson-Seider\nAnton Johansson-Faulk\nChiarot-ASP\nJBD (IR), Wallinder, Englund\nKasper is not practicing.\npic.twitter.com/4E6ZJIRgcU\n— Ansar Khan (@AnsarKhanMLive)\nOctober 3, 2026"
2026-10-03 15:37:21,2106406671681466412,@AnsarKhanMLive,"Oct 3, 2026",https://twitter.com/GameDayLines/status/2106406671681466412,oembed,False,False,"#RedWings\npower play:\n1. Arvidsson/Copp (net front/bumper alternating), DeBrincat-Raymond (flanks), Seider (point).\n2. Rasmussen (net front), Danielson (bumper), ASP-Finnie (flanks), Faulk (point).\npic.twitter.com/7a8lVVrG5S\n— Ansar Khan (@AnsarKhanMLive)\nOctober 3, 2026"
2026-10-03 15:56:27,2106411246979334445,@Jackson_Starr_,"Oct 3, 2026",https://twitter.com/GameDayLines/status/2106411246979334445,oembed,False,False,"Lines this morning\n#Sens\nFoegele-Stutzle-Batherson\nEklund-Cozens-Burakovsky\nAmadio-Pinto-Giroux\nCousins-Halliday-Hodgson\nSanderson-Matinpalo\nChabot-Spence\nKleven-Yakemchuk\nCrotty-Greig (extra)\nUllmark\nErsson\nNo Burakovsky or Zub today.\n— Jackson Starr (@Jackson_Starr_)\nOctober 3, 2026"
2026-10-03 15:56:27,2106411271964835979,@kalenalumpkins,"Oct 3, 2026",https://twitter.com/GameDayLines/status/2106411271964835979,oembed,False,False,"Blackhawks lines in morning skate:\nKantserov-Nazar-Kane\nBertuzzi-Frondell-Teräväinen\nDonato-Moore-Lardis\nSmith-Greene-Greenway\nRotating defensemen w/o Byram\nKnight\n— Kalen Lumpkins (@kalenalumpkins)\nOctober 3, 2026"
2026-10-03 15:56:27,2106411559584969095,@MitchellClinton,"Oct 3, 2026",https://twitter.com/GameDayLines/status/2106411559584969095,oembed,False,False,"No Gabriel Vilardi at\n#NHLJets\npractice.\nConnor-Scheifele-Perfetti\nRosén-Björck-Koepke (for Vilardi)\nBarron-Lowry-Lambert\nNiederreiter-Namestnikov-Iafallo\nMorrissey-DeMelo\nSamberg-Pionk\nFerraro-Bauer\nFleury-St. Ivany\nSalomonsson (non-contact)\nSkinner\nStevenson\n— Mitchell Clinton (@MitchellClinton)\nOctober 3, 2026"
2026-10-03 15:56:27,2106411615444779503,@DylanLoucks4,"Oct 3, 2026",https://twitter.com/GameDayLines/status/2106411615444779503,oembed,False,False,"#mnwild\nlines at morning skate.\nColeman-Eriksson Ek-Boldy\nKaprizov-Yurov-Shabanov\nTrenin-Hartman-Brink\nM.Foligno-McCarron-N.Foligno\nHughes-Spurgeon\nMaatta-Brodin\nHunt-Bogosian\nWallstedt\n— Dylan Loucks (@DylanLoucks4)\nOctober 3, 2026"
2026-10-03 17:46:32,2106440065056657417,@Sheng_Peng,"Oct 3, 2026",https://twitter.com/GameDayLines/status/2106440065056657417,oembed,False,False,"#SJSharks\nlines power play groups, same:\nPP1: Cagnoni-Celebrini-Smith-Chernyshov-Wennberg\nPP2: Orlov-Marchment-Stenberg-Toffoli-Misa\n— Sheng Peng (@Sheng_Peng)\nOctober 3, 2026"
2026-10-03 17:46:32,2106440095993618925,@Sheng_Peng,"Oct 3, 2026",https://twitter.com/GameDayLines/status/2106440095993618925,oembed,False,False,"No Trouba on the ice, Gaudette out of no-contact jersey. Morning skate lines:\nMarchment-Celebrini-Smith\nStenberg-Wennberg-Graf\nChernyshov-Misa-Toffoli\nGoodrow-Ostapchuk-Sherwood\nNurse-Kesselring\nOrlov-Cagnoni\nDickinson-Allan\n— Sheng Peng (@Sheng_Peng)\nOctober 3, 2026"
2026-10-03 18:17:28,2106447607174508750,@ZachCav,"Oct 3, 2026",https://twitter.com/GameDayLines/status/2106447607174508750,oembed,False,False,"Anaheim Ducks practice lines 10/3 | One swap: 77 ➡️ 12\nGreer-Carlsson-Gauthier\nSennecke-Granlund-Killorn\nNesterenko-Poehling-Colangelo\nMalott-Washe-Caulfield\nVatrano-Klepov\nLaCombe-Luneau\nMintyukov-Mitchell\nHinds-Warren\nJensen\nDostál | Husso\n@SportingTrib\n|\n#FlyTogether\npic.twitter.com/2u3HHUgQEH\n— Zach Cavanagh (@ZachCav)\nOctober 3, 2026"
2026-10-03 18:37:25,2106452811454296197,@dwillsnhl,"Oct 3, 2026",https://twitter.com/GameDayLines/status/2106452811454296197,oembed,False,False,"#Flames\nvs.\n#Canucks\n:\nGridin-Frost-Coronato\nHonzek-Backlund-Farabee\nOthmann-Strome-Sharangovich\nTsyplakov-Pospisil-Klapka\nHanley-Nemec\nBahl-Whitecloud\nMiddleton-Parekh\nCooley (Starter)\nWolf\npic.twitter.com/TL1kIDJHHu\n— Derek Wills (@dwillsnhl)\nOctober 3, 2026"
2026-10-03 18:42:24,2106454136413888554,@Jackson_Starr_,"Oct 3, 2026",https://twitter.com/GameDayLines/status/2106454136413888554,oembed,False,False,"Zetterlund on second line**\nNo Burakovsky\n— Jackson Starr (@Jackson_Starr_)\nOctober 3, 2026"
2026-10-03 20:17:21,2106478079279604219,@JamesonCoop,"Oct 3, 2026",https://twitter.com/GameDayLines/status/2106478079279604219,oembed,False,False,"Here's how the top-9 looks in today's practice 👇\nB. Tkachuk - Eller - Reinhart\nVerhaeghe - Bennett - M. Tkachuk\nLuostarinen - Lundell - Vilmanis\n— Jameson Olive (@JamesonCoop)\nOctober 3, 2026"
2026-10-03 22:37:02,2106513101046894655,@utahmammoth,"Oct 3, 2026",https://twitter.com/GameDayLines/status/2106513101046894655,oembed,False,True,"Sit back and enjoy the show.\nProjected lineup ⬇️\npic.twitter.com/bWeuVj6zKv\n— Utah Mammoth (@utahmammoth)\nOctober 3, 2026"
2026-10-03 22:37:02,2106513524029821025,@Gabby_Shirley_,"Oct 3, 2026",https://twitter.com/GameDayLines/status/2106513524029821025,oembed,False,False,"a look at the\n#Bolts\nlines and D pairings from warmups … they will be going with 11 forwards and 7 defensemen:\nGoncalves - Point - Kucherov\nHagel - Cirelli - Guentzel\nMikheyev - Girgensons - Holmberg\nViel - Geekie\nMoser - Carlson\nMcDonagh - Cernak\nHedman - Lilleberg…\n— Gabby Shirley (@Gabby_Shirley_)\nOctober 3, 2026"
2026-10-03 22:37:02,2106513640560132464,@VogsCaps,"Oct 3, 2026",https://twitter.com/GameDayLines/status/2106513640560132464,oembed,False,False,"#ALLCAPS\nat TBL:\n89-Tuch, 80-Dubois, 43-Wilson\n8-Ovechkin, 17-Strome, 9-Leonard\n21-A Protas, 62-I Protas, 25-Kyrou\n22-Jenner, 34-Sourdif, 72-Beauvillier\n6-Chychrun, 3-Roy\nQ42-Fehervary, 27-Liljegren\n44-Hutson, 73-Desharnais\n79-Lindgren\n— Mike Vogel (@VogsCaps)\nOctober 3, 2026"
2026-10-03 22:42:28,2106513918432801262,@B_Sommermann,"Oct 3, 2026",https://twitter.com/GameDayLines/status/2106513918432801262,oembed,False,False,"Flyers lines vs Hurricanes...\nKonecny-Dvorak-Michkov\nFoerster-Cates-Martone\nGrundstrom-Zegras-Tippett\nBump-Couturier-Acciari\nSanheim-Ristolainen\nYork-Drysdale\nSeeler-Jiricek\nWoll\n— Brandon J. Sommermann (@B_Sommermann)\nOctober 3, 2026"
2026-10-03 22:42:28,2106514164491620418,,"Oct 3, 2026",https://twitter.com/GameDayLines/status/2106514164491620418,oembed,False,False,"CAR: Carrier - Aho - Svechnikov\nHall - Stankoven - Blake\nEhlers - Staal - Martinook\nKotkaniemi - Jankowski - Robinson\nSlavin - Chatfield\nMiller - Walker\nGostisbehere - Reilly\nhttps://t.co/65LzuGHGNW\n— Game Day Lines (@GameDayLines)\nOctober 3, 2026"
2026-10-03 22:42:28,2106514270209069292,@kalenalumpkins,"Oct 3, 2026",https://twitter.com/GameDayLines/status/2106514270209069292,oembed,False,False,"Blackhawks lines/pairs in warmups:\nKantserov-Nazar-Kane\nBertuzzi-Frondell-Teräväinen\nDonato-Moore-Lardis\nSmith-Greene-Greenway\nVlasic-Cole\nKaiser-Levshunov\nKorchinski-Del Mastro\nKnight\n— Kalen Lumpkins (@kalenalumpkins)\nOctober 3, 2026"
2026-10-03 22:42:28,2106514763828367789,@rachelmlenzi,"Oct 3, 2026",https://twitter.com/GameDayLines/status/2106514763828367789,oembed,False,False,"#Sabres\nlines, defensive pairs:\nNorris-Thompson-Doan\nBenson-Ostlund-Quinn\nKrebs-McLeod-Helenius\nKulich-Carrick-Malenstyn\nSamuelsson-Dahlin\nPower-Zellweger\nCrevier-Metsa\n— Rachel Lenzi 💁🏻‍♀️😎💥 (@rachelmlenzi)\nOctober 3, 2026"
2026-10-03 22:48:26,2106515268495446019,@penguins,"Oct 3, 2026",https://twitter.com/GameDayLines/status/2106515268495446019,oembed,False,True,"All lined up.\n#LetsGoPens\npic.twitter.com/xMgu2NFxZA\n— Pittsburgh Penguins (@penguins)\nOctober 3, 2026"
2026-10-03 22:48:26,2106515990184141290,@davidalter,"Oct 3, 2026",https://twitter.com/GameDayLines/status/2106515990184141290,oembed,False,False,"Leafs lines during warmup vs OTT Oct 3/26\nMarchenko-Matthews-Roslovic\nMcKenna-Tavares-Nylander\nCowan-Paul-Sissons\nDuhaime-Blueger-Groulx\nMcCabe-Tanev\nRielly-Raddysh\nOEL-Stecher\nBobrovsky (starter)\nStolarz\n@Ozoon_CA\npic.twitter.com/SIDu0k5Ckk\n— David Alter (@davidalter)\nOctober 3, 2026"
2026-10-03 22:52:35,2106516660442243445,@BrianHedger,"Oct 3, 2026",https://twitter.com/GameDayLines/status/2106516660442243445,oembed,False,False,"#CBJ\nwarmup lineup vs Utah:\nKnies-Fantilli-Johnson\nNichushkin-Monahan-Voronkov\nSillinger-Coyle-Olivier\nLomberg-Heinen-Garland\nWerenski-Mateychuk\nSoucy-Andrae\nChristiansen-Gudbranson\nGreaves\nTalbot\n— Brian Hedger (@BrianHedger)\nOctober 3, 2026"
2026-10-03 22:52:35,2106516995089064126,@DavyJonesLR,"Oct 3, 2026",https://twitter.com/GameDayLines/status/2106516995089064126,oembed,False,False,"Starting lines and pairs tonight, per Kraken Hockey Network. Jacob Melanson goes on IR. Mackie Samoskevich makes his\n#SeaKraken\ndebut.\npic.twitter.com/HLx7p6ngQe\n— 𝘿𝙖𝙫𝙮 𝙅𝙤𝙣𝙚𝙨' 𝙇𝙤𝙘𝙠𝙚𝙧 𝙍𝙤𝙤𝙢 (@DavyJonesLR)\nOctober 3, 2026"
2026-10-03 23:12:27,2106521374043017686,@stefen_rosner,"Oct 3, 2026",https://twitter.com/GameDayLines/status/2106521374043017686,oembed,False,False,"#Isles\nlines vs.\n#NJDevils\n@bullsmithsli\n:\nHeineman-Horvat-Palmieri\nSchenn-Ritchie-Eklund\nHolmstrom-Pageau-Duclair\nPalat-Cizikas-Maccelli\nPelech-Schaefer\nRomanov-Pulock\nStanley-DeAngelo\nSorokin\nVarlamov\n— Stefen Rosner (@stefen_rosner)\nOctober 3, 2026"
2026-10-03 23:18:26,2106523020240326718,@rachelmlenzi,"Oct 3, 2026",https://twitter.com/GameDayLines/status/2106523020240326718,oembed,False,False,"One correction on the lines -- Kulich is centering the fourth line with Beck Malenstyn at left wing and Sam Carrick on the right.\n#Sabres\nhttps://t.co/93bukPNWTe\n— Rachel Lenzi 💁🏻‍♀️😎💥 (@rachelmlenzi)\nOctober 3, 2026"
2026-10-03 23:18:26,2106523628259217538,@InStilettos_NHL,"Oct 3, 2026",https://twitter.com/GameDayLines/status/2106523628259217538,oembed,False,False,"Game 2\n#NJDevils\nLineup:\nMantha - Hughes - Bratt\nMeier - Hischier - Evangelista\nGritsyuk - Rodrigues - Mercer\nLombardi - Glass - Noesen\nHughes - Pesce\nSiegenthaler - Hamilton\nDillon - Chisholm\nDaws\npic.twitter.com/LV5BPyKOBT\n— Kristy Flannery (@InStilettos_NHL)\nOctober 3, 2026"
2026-10-03 23:32:23,2106526739019268548,@Gabby_Shirley_,"Oct 3, 2026",https://twitter.com/GameDayLines/status/2106526739019268548,oembed,False,False,"we are seeing Carlson, Hagel, Kucherov, Point, and Guentzel out there\nhttps://t.co/WJetKriiUz\n— Gabby Shirley (@Gabby_Shirley_)\nOctober 3, 2026"
2026-10-03 23:42:32,2106529388540108895,@AlexDaugherty1,"Oct 3, 2026",https://twitter.com/GameDayLines/status/2106529388540108895,oembed,False,False,"Predators going 11F, 7D vs Stars tonight:\nStamkos O’Reilly Kerfoot\nForsberg Wood Hoglander\nColton Bourque Marchessault\nDrury Edstrom\nHague Josi\nSkjei Perbix\nTrudeau Wilsby\nAhcan\n— Alex Daugherty (@AlexDaugherty1)\nOctober 3, 2026"
2026-10-03 23:42:32,2106529487513063428,@bellefraser1,"Oct 3, 2026",https://twitter.com/GameDayLines/status/2106529487513063428,oembed,False,False,"Bruins warmup lines:\nPeterka-E. Lindholm-Pastrnak\nMittelstadt-Zacha-Geekie\nHagens-Minten-Khusnutdinov\nJeannot-Kuraly-Kastelic\nH. Lindholm-Borgen\nZadorov-Clifton\nAspirot-Lohrei\nDiPietro\nSwayman\n— Belle Fraser (@bellefraser1)\nOctober 3, 2026"
2026-10-03 23:42:32,2106529980083793947,@MikeHeika,"Oct 3, 2026",https://twitter.com/GameDayLines/status/2106529980083793947,oembed,False,False,"Expected lines:\nRobertson-Hintz-Seguin\nHryckowian-Johnston-Rantanen\nSteel-Hyry-Benn\nBäck-Faksa-Blackwell\nHarley-Heiskanen\nLindell-Lundkvist\nBichsel-Myers\nDeSmith\n— Mike Heika (@MikeHeika)\nOctober 3, 2026"
2026-10-03 23:56:27,2106531536912990661,@JHallNBCS,"Oct 3, 2026",https://twitter.com/GameDayLines/status/2106531536912990661,oembed,False,False,"Travis Konecny taking rep on first power play unit for Porter Martone.\n— Jordan Hall (@JHallNBCS)\nOctober 3, 2026"
2026-10-03 23:56:27,2106533430217564234,,"Oct 3, 2026",https://twitter.com/GameDayLines/status/2106533430217564234,oembed,False,False,"STL: Holloway - Thomas - Snuggerud\nBuchnevich - McTavish - McMichael\nNeighbours - Dvorsky - Berggren\nDean - Suter - Dube\nDefense\nBroberg - Jiricek\nLindstein - Parayko\nFowler - Carlo\nhttps://t.co/dIGYdR7EPG\n— Game Day Lines (@GameDayLines)\nOctober 3, 2026"
2026-10-04 00:03:01,2106533982225744006,@stefen_rosner,"Oct 3, 2026",https://twitter.com/GameDayLines/status/2106533982225744006,oembed,False,False,"#Isles\nPP1:\nSchaefer-Maccelli-Schenn-Horvat-Palmieri\n— Stefen Rosner (@stefen_rosner)\nOctober 3, 2026"
2026-10-04 00:03:01,2106534509625934216,@stefen_rosner,"Oct 3, 2026",https://twitter.com/GameDayLines/status/2106534509625934216,oembed,False,False,"#Isles\nPP2:\nDeAngelo-Eklund-Duclair-Holmstrom-Ritchie\n— Stefen Rosner (@stefen_rosner)\nOctober 3, 2026"
2026-10-04 00:42:21,2106544283247685663,,"Oct 3, 2026",https://twitter.com/GameDayLines/status/2106544283247685663,oembed,False,False,"COL: Lines as per Ryan Boulding\nhttps://t.co/sJQoRik3fX\nLehkonen -- MacKinnon -- Necas\nLandeskog -- Nelson -- Kadri\nSchwartz -- Svechkov -- Hughes\nKelly -- Roy -- Juulsen\nToews -- Makar\nKulak -- Malinski\nManson -- Burns\n— Game Day Lines (@GameDayLines)\nOctober 4, 2026"
2026-10-04 01:16:23,2106552843692122324,@rachelmlenzi,"Oct 3, 2026",https://twitter.com/GameDayLines/status/2106552843692122324,oembed,False,False,"Here's a new\n#Sabres\nline combination or two:\nKrebs-Kulich-Helenius\nCarrick-McLeod-Malenstyn\n— Rachel Lenzi 💁🏻‍♀️😎💥 (@rachelmlenzi)\nOctober 4, 2026"
2026-10-04 01:42:34,2106559309966627217,@DooleyLAK,"Oct 3, 2026",https://twitter.com/GameDayLines/status/2106559309966627217,oembed,False,False,"Tonight's\n@LAKings\nLine Rushes -\nPanarin - Byfield - Kempe\nLaferriere - Turcotte - Zuccarello\nMoore - Haula - Armia\nLaughton - Perry\nDumoulin - Doughty\nEdmundson - Clarke\nAnderson - Ceci\nGustafsson\nForsberg\nKuemper\n— Zach Dooley (@DooleyLAK)\nOctober 4, 2026"
2026-10-04 01:42:34,2106559405223469454,@Sheng_Peng,"Oct 3, 2026",https://twitter.com/GameDayLines/status/2106559405223469454,oembed,False,False,"#SJSharks\nlines tonight, Trouba is playing:\nMarchment-Celebrini-Smith\nStenberg-Wennberg-Graf\nChernyshov-Misa-Toffoli\nGoodrow-Ostapchuk-Sherwood\nNurse-Kesselring\nAllan-Trouba\nOrlov-Cagnoni\nAskarov\n— Sheng Peng (@Sheng_Peng)\nOctober 4, 2026"
2026-10-04 02:02:27,2106562871866146985,@BatchHockey,"Oct 3, 2026",https://twitter.com/GameDayLines/status/2106562871866146985,oembed,False,False,"Warmup\n#Canucks\nlines vs.\n@NHLFlames\nRossi. EP40. Karlsson.\nÖhgren. Cotter. Boeser.\nBains. Sasson. Lekkerimäki.\nO’Connor. Räty. Gallagher.\nBuium. Hronek.\nOleksiak. Willander.\nEP25. Schenn.\n🥅Meriläinen🥅\n7pm on\n@KiSSWestCoast\nand Seekr\nhttps://t.co/DTLVACw2px\npic.twitter.com/fcJNuc20lC\n— Brendan Batchelor (@BatchHockey)\nOctober 4, 2026"
2026-10-04 02:26:28,2106569081512251869,@RobertTiffin,"Oct 3, 2026",https://twitter.com/GameDayLines/status/2106569081512251869,oembed,False,False,"Interesting top-nine mixing this period:\nRobertson-Hintz-Benn\nSteel-Johnston-Rantanen\nHryckowian-Hyry-Seguin\n— Robert Tiffin (@RobertTiffin)\nOctober 4, 2026"
2026-10-04 02:32:31,2106571854467190802,@LeggetNHL,"Oct 3, 2026",https://twitter.com/GameDayLines/status/2106571854467190802,oembed,False,False,"Kings are rotating through the D pairings, but primarily seems to be:\nGustafsson–Clarke\nAnderson–Ceci\nDumoulin–Doughty\nEdmundson rotating through with all the RHD\n#GoKingsGo\n— Alexander Legget (@LeggetNHL)\nOctober 4, 2026"
2026-10-04 02:32:31,2106572805638951319,@ConorRyan_93,"Oct 3, 2026",https://twitter.com/GameDayLines/status/2106572805638951319,oembed,False,False,"Minten skating with Pastrnak and Peterka.\n— Conor Ryan (@ConorRyan_93)\nOctober 4, 2026"
2026-10-04 14:42:23,2106755526097064318,@MollieeWalkerr,"Oct 4, 2026",https://twitter.com/GameDayLines/status/2106755526097064318,oembed,False,False,"#NYR\nlines and D pairs at morning skate ahead of game vs. Mammoth⬇️\nPerreault-Zibanejad-Lafrenière\nKartye-Miller-Dorofeyev\nCuylle-Laba-Tolvanen\nBjorkstrand-Veleno-Chmelař\nGavrikov-Fox\nPettersson-Durzi\nŠmits-Schneider\nShesterkin\nGarand\n— Mollie Walker (@MollieeWalkerr)\nOctober 4, 2026"
2026-10-04 16:02:28,2106775759503167567,@EddieInTheYard,"Oct 4, 2026",https://twitter.com/GameDayLines/status/2106775759503167567,oembed,False,False,"Back at The Bench for today’s\n#GoBolts\npractice.\nEmil Lilleberg is not on the ice.\nGoncalves-Point-Kucherov\nHagel-Cirelli-Guentzel\nMikyehev-Girgensons-Holmberg\nViel-Harkins-Geekie\nJames-Gourde (red jersey)-Sabourin\nMoser-Carlson\nMcDonagh-Cernak\nHedman-Crozier\nD’Astous\npic.twitter.com/tfD3jDUSUP\n— Eduardo A. Encina (@EddieInTheYard)\nOctober 4, 2026"
2026-10-04 16:28:27,2106782344388722754,@JHallNBCS,"Oct 4, 2026",https://twitter.com/GameDayLines/status/2106782344388722754,oembed,False,False,"Flyers at practice, sans Sanheim and Ristolainen:\nF\nKonecny-Dvorak-Michkov\nFoerster-Cates-Martone\nGrundstrom-Zegras-Tippett\nBump-Couturier-Acciari\nD\nBenoit-Drysdale\nYork-Jiricek\nSeeler-Grans\n— Jordan Hall (@JHallNBCS)\nOctober 4, 2026"
2026-10-04 16:28:27,2106782515247894618,@EddieInTheYard,"Oct 4, 2026",https://twitter.com/GameDayLines/status/2106782515247894618,oembed,False,False,"#GoBolts\n10/4 practice power plays:\n1: Carlson-Hagel-Point-Kucherov-Guentzel\n2: D’Astous-Geekie-Cirelli-Goncalves-Holmberg\n— Eduardo A. Encina (@EddieInTheYard)\nOctober 4, 2026"
2026-10-04 16:58:28,2106789087659343975,@AnsarKhanMLive,"Oct 4, 2026",https://twitter.com/GameDayLines/status/2106789087659343975,oembed,False,False,"#RedWings\nin warmups before facing Jets at 1 on DSN:\nDeBrincat-Copp-Raymond\nMBN-Finnie-Arvidsson\nRasmussen-Compher-Kolesar\nMazur-Danielson-Appleton\nAlbert Johansson-Seider\nAnton Johansson-Faulk\nChiarot-ASP\nGibson starting. Skinner for Winnipeg.\npic.twitter.com/Foc7hTVdRs\n— Ansar Khan (@AnsarKhanMLive)\nOctober 4, 2026"
2026-10-04 16:58:28,2106789178902233143,@MitchellClinton,"Oct 4, 2026",https://twitter.com/GameDayLines/status/2106789178902233143,oembed,False,False,"#NHLJets\nline rushes in warm-up in Detroit:\nConnor-Scheifele-Perfetti\nRosen-Bjorck-Vilardi\nBarron-Lowry-Lambert\nNiederreiter-Namestnikov-Iafallo\nMorrissey-DeMelo\nSamberg-Pionk\nFerraro-Bauer\nSkinner\n— Mitchell Clinton (@MitchellClinton)\nOctober 4, 2026"
2026-10-04 18:32:26,2106812335394615496,@baileyycurtis,"Oct 4, 2026",https://twitter.com/GameDayLines/status/2106812335394615496,oembed,False,False,"Avs practice lines for 10/4:\nLehkonen - MacKinnon - Necas\nKelly - Nelson - Kadri\nSchwartz- Svechkov - Hughes\nL’Heureux* - Roy - O’Connor*\n* Both in normal practice jerseys\nNo Landeskog on the ice today\n— Bailey Curtis (@baileyycurtis)\nOctober 4, 2026"
2026-10-04 21:41:26,2106861298940322037,@ColinSNewsday,"Oct 4, 2026",https://twitter.com/GameDayLines/status/2106861298940322037,oembed,False,False,"#NYR\nwarmup lines and D pairs vs. Utah are:\nPerreault-Zibanejad-Lafreniere\nKartye-Miller-Dorofeyev\nCuylle-Laba-Tolvanen\nBjorkstrand-Veleno-Chmelar\nGavrikov-Fox\nPettersson-Durzi\nSmits-Schneider\nShesterkin\nGarand\n— Colin Stephenson (@ColinSNewsday)\nOctober 4, 2026"
2026-10-04 21:41:26,2106861400106905648,@utahmammoth,"Oct 4, 2026",https://twitter.com/GameDayLines/status/2106861400106905648,oembed,False,True,"Sunday night hockey.\nProjected lineup ⬇️\npic.twitter.com/BcL7691pKr\n— Utah Mammoth (@utahmammoth)\nOctober 4, 2026"
2026-10-04 23:41:26,2106891503750812067,@JamesonCoop,"Oct 4, 2026",https://twitter.com/GameDayLines/status/2106891503750812067,oembed,False,False,"#FlaPanthers\nlines vs.\n#Ducks\n⬇️\nVerhaeghe - Bennett - M. Tkachuk\nLuostarinen - Lundell - Vilmanis\nB. Tkachuk - Reinhart - Marchand\nImama - Eller - Hathaway\nForsling - Kulikov\nMikkola - Jones\nBalinskis - Gudas\nMarkstrom\nSchmid\n— Jameson Olive (@JamesonCoop)\nOctober 4, 2026"
2026-10-04 23:41:26,2106891627138879980,@PatrickCPresent,"Oct 4, 2026",https://twitter.com/GameDayLines/status/2106891627138879980,oembed,False,False,"Ducks warmup lines vs FLA:\nGreer-Carlsson-Gauthier\nKillorn-Granlund-Sennecke\nNesternko-Poehling-Colangelo\nMalott-Washe-Caulfield\nLaCombe-Luneau\nMintyukov-Mitchell\nHinds-Warren\nDostal\n#FlyTogether\n— Patrick Present (@PatrickCPresent)\nOctober 4, 2026"
2026-10-04 23:41:26,2106891762853916715,@EricFrancis,"Oct 4, 2026",https://twitter.com/GameDayLines/status/2106891762853916715,oembed,False,False,"Flames lines here in Seattle tonight.\nLots of shuffling, and Othmann and Hanley replaced by Zary and Kuznetsov\nSharangovich-Frost-Coronato\nHonzek-Strome - Zary\nGridin - Backlund-Farabee\nTsyplakov-Pospisil-Klapka\nBahl-Whitecloud\nKuznetsov - Nemec\nMiddleton-Parekh\nWolf\n— Eric Francis (@EricFrancis)\nOctober 4, 2026"
2026-10-04 23:46:28,2106893139709743560,@sound_hockey,"Oct 4, 2026",https://twitter.com/GameDayLines/status/2106893139709743560,oembed,False,False,"Mackie Samoskevich to the top line!\nLambert goes back to what he had set for most of Training Camp. That means Kakko slides back down to the Wright/Catton line, and Winterton goes to the fourth line.\nDouglas took a line rush, but we believe Meyers is in again.\n#SeaKraken\npic.twitter.com/a3L1smtqWH\n— Sound Of Hockey (@sound_hockey)\nOctober 4, 2026"
2026-10-05 00:02:26,2106896876838789178,@sound_hockey,"Oct 4, 2026",https://twitter.com/GameDayLines/status/2106896876838789178,oembed,False,False,"One correction... We *believe* Ville Ottavainen is in on the third pair. Had Mahura there by mistake. If that's right, will be his season debut.\n#SeaKraken\nhttps://t.co/leCIPRdUQ0\npic.twitter.com/W6CKQ8I7BC\n— Sound Of Hockey (@sound_hockey)\nOctober 4, 2026"
2026-10-05 00:36:23,2106904875430969766,@JamesonCoop,"Oct 4, 2026",https://twitter.com/GameDayLines/status/2106904875430969766,oembed,False,False,"Bennett taking Barkov's spot on FLA's first PP tonight.\n— Jameson Olive (@JamesonCoop)\nOctober 5, 2026"
2026-10-05 00:42:22,2106906618927739378,@ThomasDrance,"Oct 4, 2026",https://twitter.com/GameDayLines/status/2106906618927739378,oembed,False,False,"#Canucks\nflip their starter but are otherwise projected to start with the same lineup they used Saturday vs. VGK:\nRossi-Pettersson-Karlsson\nÖhgren-Cotter-Boeser\nBains-Sasson-Lekkerimäki\nDOC-Räty-Gallagher\nBuium-Horonek\nOleksiak-Willander\nDPetey -Schenn\nLankinen\npic.twitter.com/iVDdMRJv7b\n— Thomas Drance (@ThomasDrance)\nOctober 5, 2026"
2026-10-05 00:42:22,2106906990320800201,@h_kirk6,"Oct 4, 2026",https://twitter.com/GameDayLines/status/2106906990320800201,oembed,False,False,"Lines and pairings, per Scripps Sports\nBarbashev—Eichel—Stone\nHowden—Karlsson—Marner\nConnelly—Hertl—Olofsson\nGatcomb—Dowd—Bowman\nMcNabb—Theodore\nWotherspoon—Andersson\nLauzon—Hanifin\nHill\n— Hannah Kirkell (@h_kirk6)\nOctober 5, 2026"
2026-10-05 01:21:24,2106916732023742952,@patersonjeff,"Oct 4, 2026",https://twitter.com/GameDayLines/status/2106916732023742952,oembed,False,False,"Paul Cotter taking the DeBrusk spot on PP1\n— Jeff Paterson (@patersonjeff)\nOctober 5, 2026"
2026-10-05 02:37:23,2106935828475957753,@h_kirk6,"Oct 4, 2026",https://twitter.com/GameDayLines/status/2106935828475957753,oembed,False,False,"Victor Olofsson is officially on the top power play unit. Shea Theodore is out. Marner back at the point.\n— Hannah Kirkell (@h_kirk6)\nOctober 5, 2026"
2026-10-05 02:47:23,2106938963609149805,@JamesonCoop,"Oct 4, 2026",https://twitter.com/GameDayLines/status/2106938963609149805,oembed,False,False,"Bennett, M. Tkachuk and Jones start OT!\n— Jameson Olive (@JamesonCoop)\nOctober 5, 2026"
2026-10-05 02:52:28,2106938999722160199,@Derek_Lee27,"Oct 4, 2026",https://twitter.com/GameDayLines/status/2106938999722160199,oembed,False,False,"Carlsson, Gauthier and LaCombe out to start overtime\n#FlyTogether\n— Derek Lee (@Derek_Lee27)\nOctober 5, 2026"
2026-10-05 14:46:28,2107120135152828800,@PensInsideScoop,"Oct 5, 2026",https://twitter.com/GameDayLines/status/2107120135152828800,oembed,False,False,"Full attendance at Penguins morning skate following a day off. Lines and D-pairs:\nRobertson-Crosby-Rakell\nChinakhov-Novak-Malkin\nKuzmenko-Kindel-Koivunen\nDewar-Lizotte-Lapierre\nCarlile-Karlsson\nGirard-Korczak\nvan Riemsdyk-Letang\n(Soloyvov-Rust filling in)\n— Pens Inside Scoop (@PensInsideScoop)\nOctober 5, 2026"
2026-10-05 14:51:23,2107121046788927647,@bellefraser1,"Oct 5, 2026",https://twitter.com/GameDayLines/status/2107121046788927647,oembed,False,False,"Bruins morning skate lines:\nPeterka-E. Lindholm-Pastrnak\nMittelstadt-Zacha-Geekie\nHagens-Minten-Khusnutdinov\nJeannot-Poitras-Kastelic\nKuraly\nH. Lindholm-Borgen\nZadorov-Clifton\nBrunet-Lohrei\nAspirot-McAvoy\nSwayman\nDiPietro\n— Belle Fraser (@bellefraser1)\nOctober 5, 2026"
2026-10-05 15:02:34,2107123084339880179,@StuCowan1,"Oct 5, 2026",https://twitter.com/GameDayLines/status/2107123084339880179,oembed,False,False,"#Habs\npower-play units at practice this morning\nHutson\nSuzuki - Caufield - Slafkovsky\nKreider\nEngstrom\nDach - Bolduc - Texier\nF. Xhekaj\n— Stu Cowan (@StuCowan1)\nOctober 5, 2026"
2026-10-05 15:02:34,2107123175968395633,@king_jemison,"Oct 5, 2026",https://twitter.com/GameDayLines/status/2107123175968395633,oembed,False,False,"Penguins lines and pairs at morning skate before tonight's game vs. Winnipeg:\nRobertson-Crosby-Rakell\nChinakhov-Novak-Malkin\nKuzmenko-Kindel-Koivunen\nDewar-Lizotte-Lapierre\n(Soderblom, Hallander)\nCarlile-Karlsson\nGirard-Korczak\nvan Riemsdyk-Letang\n(Solovyov)\nRust skating, too.\n— King Jemison (@king_jemison)\nOctober 5, 2026"
2026-10-05 15:02:34,2107123239789158877,@sammisilber,"Oct 5, 2026",https://twitter.com/GameDayLines/status/2107123239789158877,oembed,False,False,"Caps lines:\nOvechkin-Strome-Beauvillier\nTuch-Dubois-Wilson\nA. Protas-I. Protas-Kyrou\nJenner-Sourdif-Leonard\nFrank, Miroshnichenko\nChychrun-Liljegren\nFehervary-Desharnais\nHutson-McIlrath\nThompson\nLindgren\n— Sammi Silber 🏒 (@sammisilber)\nOctober 5, 2026"
2026-10-05 15:02:34,2107123273238777930,@stefen_rosner,"Oct 5, 2026",https://twitter.com/GameDayLines/status/2107123273238777930,oembed,False,False,"#Isles\nlines at Monday's skate\n@bullsmithsli\n:\nHeineman-Horvat-Palmieri\nSchenn-Ritchie-Eklund\nDuclair-Pageau-Holmstrom\nPalat-Cizikas-Maccelli\nE: MacLean\nPelech-Schaefer\nRomanov-Pulock\nStanley-DeAngelo\nE: Kessel-Mayfield\nSorokin\nVarlamov\n— Stefen Rosner (@stefen_rosner)\nOctober 5, 2026"
2026-10-05 15:12:27,2107125226714632525,@RyanHenkel_,"Oct 5, 2026",https://twitter.com/GameDayLines/status/2107125226714632525,oembed,False,False,"All accounted for at Canes practice (10/5):\nSvechnikov-Aho-Carrier\nHall-Stankoven-Blake\nEhlers-Staal-Martinook\nRobinson-Jankowski-Kotkaniemi\nDeslauriers-Jarvis\nSlavin-Chatfield\nMiller-Walker\nGostisbehere-Reilly\nKochetkov\nBussi\n— Ryan Henkel (@RyanHenkel_)\nOctober 5, 2026"
2026-10-05 15:16:26,2107127108451611098,@amandacstein,"Oct 5, 2026",https://twitter.com/GameDayLines/status/2107127108451611098,oembed,False,False,"Here’s a look at today’s\n#NJDevils\nlines and pairings, with the only change being Boqvist in for Noesen.\nhttps://t.co/dibk52zG0t\npic.twitter.com/ut9qeY8go9\n— Amanda Stein (@amandacstein)\nOctober 5, 2026"
2026-10-05 15:32:32,2107131069594235088,@rachelmlenzi,"Oct 5, 2026",https://twitter.com/GameDayLines/status/2107131069594235088,oembed,False,False,"Lines from practice\n#sabres\nNorris-Thompson-Doan\nBenson-Quinn-Ostlund\nKrebs-Kulich-Helenius\nMalenstyn-McLeod-Carrick\nRotated in: Danforth, Kozak\nDefensive pairs:\nSamuelsson-Dahlin\nZellweger-Power\nCrevier/Metsa/Grzelcyk\n— Rachel Lenzi 💁🏻‍♀️😎💥 (@rachelmlenzi)\nOctober 5, 2026"
2026-10-05 15:32:32,2107131198141034850,@stefen_rosner,"Oct 5, 2026",https://twitter.com/GameDayLines/status/2107131198141034850,oembed,False,False,"#Isles\nPP: QB-LW-RW-B-N\nPP1: Schaefer-Maccelli-Schenn-Horvat-Palmieri\nPP2: DeAngelo-Eklund-Holmstrom-Duclair-Ritchie\n— Stefen Rosner (@stefen_rosner)\nOctober 5, 2026"
2026-10-05 15:36:33,2107132316036317515,@OwenNewkirk,"Oct 5, 2026",https://twitter.com/GameDayLines/status/2107132316036317515,oembed,False,False,"Some line juggling this morning, thinking Blackwell place holding for Rantanen:\nRobertson - Hintz - Benn\nSteel - Johnston - Blackwell\nHryckowian - Hyry - Seguin\nBäck - Faksa - Kiviranta\nLindell - Heiskanen\nHarley - Lundkvist\nBichsel - Myers\nOettinger\nDeSmith\n— Owen Newkirk (@OwenNewkirk)\nOctober 5, 2026"
2026-10-05 15:41:28,2107132799949877414,@koshtorontosun,"Oct 5, 2026",https://twitter.com/GameDayLines/status/2107132799949877414,oembed,False,False,"#Leafs\nin practice:\nMarchenko-Matthews-Roslovic\nMcKenna-Tavares-Nylander\nCowan-Paul-Sissons\nDuhaime-Blueger-Groulx\nMaven\nMcCabe-Tanev\nRielly-Raddysh\nEkman-Larsson-Stecher\nBlankenburg\nBobrovsky\nStolarz\n— Terry Koshan 🇺🇦 (@koshtorontosun)\nOctober 5, 2026"
2026-10-05 16:02:26,2107137366632640964,@leal_andre19,"Oct 5, 2026",https://twitter.com/GameDayLines/status/2107137366632640964,oembed,False,False,"#Leafs\nPP\nNo. 1:\nTavares\nNylander, Marchenko, Matthews\nRaddysh\nNo. 2\nCowan\nRoslovic, Paul, McKenna\nRielly\nhttps://t.co/qvQlEWe5Mv\n— Andre Leal (@leal_andre19)\nOctober 5, 2026"
2026-10-05 16:06:25,2107140012114669602,@Jackson_Starr_,"Oct 5, 2026",https://twitter.com/GameDayLines/status/2107140012114669602,oembed,False,False,"#Sens\nlines this morning in Boston:\nFoegele-Stutzle-Batherson\nEklund-Cozens-Zetterlund\nAmadio-Pinto-Giroux\nCousins-Halliday-Hodgson\nGreig\nA rotating blue line with:\n- Chabot/Spence/Kleven\n- Yakemchuk/Crotty/Matinpalo\nUllmark\nErsson\n— Jackson Starr (@Jackson_Starr_)\nOctober 5, 2026"
2026-10-05 16:11:31,2107140114866716970,@MaxHerzTalks,"Oct 5, 2026",https://twitter.com/GameDayLines/status/2107140114866716970,oembed,False,False,"Preds Monday practice lines:\nStamkos-O’Reilly-Kerfoot\nForsberg-Wood-Höglander\nColton-Bourque-Marchessault\nSchaefer/Pinchuk-Drury-Edström\nHague-Josi\nSkjei-Perbix\nTrudeau-Wilsby\nAhcan-Lyubushkin\n@1025TheGame\n— Max Herz (@MaxHerzTalks)\nOctober 5, 2026"
2026-10-05 16:46:35,2107149149980479777,@kalenalumpkins,"Oct 5, 2026",https://twitter.com/GameDayLines/status/2107149149980479777,oembed,False,False,"Blackhawks lines/pairs in practice\nKantserov-Nazar-Kane\nBertuzzi-Frondell-Teravainen\nDonato-Moore-Lardis\nSmith-Greene-Greenway\nByram-Levshunov\nVlasic-Cole\nKaiser-Rinzel\nKorchinski-Del Mastro\n— Kalen Lumpkins (@kalenalumpkins)\nOctober 5, 2026"
2026-10-05 16:46:35,2107149470336958901,@pham1717,"Oct 5, 2026",https://twitter.com/GameDayLines/status/2107149470336958901,oembed,False,False,"Ostlund is now on the top power play unit, Doan moves to the second unit\n— Paul Hamilton (@pham1717)\nOctober 5, 2026"
2026-10-05 16:46:35,2107149728492532209,@CraneAndrew,"Oct 5, 2026",https://twitter.com/GameDayLines/status/2107149728492532209,oembed,False,False,"Rangers’ lines in practice, with Chmelař at 4C for Veleno and no Robertson (roster management):\nPerreault-Zibanejad-Lafrenière\nKartye-Miller-Dorofeyev\nCuylle-Laba-Tolvanen\nBjorkstrand-Chmelař-Rempe\nGavrikov-Fox\nPettersson-Durzi\nŠmits-Schneider\n(Morrow)\nShesterkin\nGarand\n— Andrew Crane (@CraneAndrew)\nOctober 5, 2026"
2026-10-05 17:31:26,2107160809902321800,@JasonGregor,"Oct 5, 2026",https://twitter.com/GameDayLines/status/2107160809902321800,oembed,False,False,"Oilers don't play until Wednesday in Anaheim. Dickinson a full participant. Line rushes.\nPodkolzin-McDavid-Draisaitl\nFrederic-Dickinson-Kapanen\nJones/Joseph-Michaels-Formenton\nHoward-Dach-Samanski\nEkholm-Bouchard\nShea-Murphy\nWalman-Emberson\nStastney-Mukhamadullin\n— Jason Gregor (@JasonGregor)\nOctober 5, 2026"
2026-10-05 17:31:26,2107161348832657702,@jprutherford,"Oct 5, 2026",https://twitter.com/GameDayLines/status/2107161348832657702,oembed,False,False,"#stlblues\npractice lineup:\nHolloway-Thomas-Snuggerud\nBuchnevich-McTavish-McMichael\nNeighbours-Dvorsky-Berggren\nJohnston-Suter-Dube\n* Dean rotating in\nBroberg-Parayko\nFowler-Jiricek\nLindstein-Carlo\nHofer\nBinnington\n— Jeremy Rutherford (@jprutherford)\nOctober 5, 2026"
2026-10-05 22:42:35,2107238828918685710,@BenjaminJReport,"Oct 5, 2026",https://twitter.com/GameDayLines/status/2107238828918685710,oembed,False,False,"The\n#GoBolts\nwarmup lines vs. PHI:\nGoncalves-Point-Kucherov\nHagel-Cirelli-Guentzel\nMikheyev-Girgensons-Holmberg\nGeekie-Viel\nMoser-Carlson\nMcDonagh-Cernak\nHedman-Crozier\nD'Astous\n🥅: Vasilevskiy\npic.twitter.com/PpotvM0oUW\n— Benjamin Pierce (@BenjaminJReport)\nOctober 5, 2026"
2026-10-05 22:42:35,2107239286815023243,@jackiespiegel93,"Oct 5, 2026",https://twitter.com/GameDayLines/status/2107239286815023243,oembed,False,False,"#Flyers\nlines in warmups vs. TBL⚡️\nKonecny-Dvorak-Michkov\nBarkey-Zegras-Tippett\nFoerster-Cates-Martone\nGrundström-Acciari-Couturier\nYork-Sanheim\nBenoit-Drysdale\nSeeler-Jiříček\nVladař\n— Jackie Spiegel (@jackiespiegel93)\nOctober 5, 2026"
2026-10-05 23:16:35,2107247078028308860,@MitchellClinton,"Oct 5, 2026",https://twitter.com/GameDayLines/status/2107247078028308860,oembed,False,False,"#NHLJets\nline rushes in warm-up:\nConnor-Scheifele-Perfetti\nRosen-Bjorck-Vilardi\nBarron-Lowry-Lambert\nKoepke-Namestnikov-Iafallo\nMorrissey-DeMelo\nSamberg-Pionk\nFerraro-St. Ivany\nStevenson\n— Mitchell Clinton (@MitchellClinton)\nOctober 5, 2026"
2026-10-05 23:16:35,2107247125134561719,@rustymac26,"Oct 5, 2026",https://twitter.com/GameDayLines/status/2107247125134561719,oembed,False,False,"#NHLBruins\nin warmups:\nPeterka-Lindholm-Pastrnak\nMittelstadt-Zacha-Geekie\nHagens-Minten-Khusnutdinov\nJeannot-Poitras-Kastelic\nLindholm-Borgen\nZadorov-Clifton\nBrunet-Lohrei\nSwayman\n— Russ Macias (@rustymac26)\nOctober 5, 2026"
2026-10-05 23:26:26,2107248778634031184,@penguins,"Oct 5, 2026",https://twitter.com/GameDayLines/status/2107248778634031184,oembed,False,True,"How we're lining up vs. the Jets.\n#LetsGoPens\npic.twitter.com/PutUOtZiom\n— Pittsburgh Penguins (@penguins)\nOctober 5, 2026"
2026-10-05 23:41:25,2107253856921129450,@Sheng_Peng,"Oct 5, 2026",https://twitter.com/GameDayLines/status/2107253856921129450,oembed,False,False,"#SJSharks\nlines, Dickinson in, first road game of season:\nMarchment-Celebrini-Smith\nStenberg-Wennberg-Graf\nChernyshov-Misa-Toffoli\nGoodrow-Ostapchuk-Sherwood\nNurse-Kesselring\nDickinson-Trouba\nOrlov-Cagnoni\nAskarov\n— Sheng Peng (@Sheng_Peng)\nOctober 5, 2026"
2026-10-05 23:41:25,2107253886620926419,@RobertTiffin,"Oct 5, 2026",https://twitter.com/GameDayLines/status/2107253886620926419,oembed,False,False,"Dallas lines in warmup:\nRobertson-Hintz-Benn\nSteel-Johnston-Rantanen\nHryckowian-Hyry-Seguin\nBäck-Faksa-Kiviranta\nLindell-Heiskanen\nHarley-Lundkvist\nBichsel-Myers\nOettinger\nDeSmith\n— Robert Tiffin (@RobertTiffin)\nOctober 5, 2026"
2026-10-06 00:16:26,2107262399762047090,@Sheng_Peng,"Oct 5, 2026",https://twitter.com/GameDayLines/status/2107262399762047090,oembed,False,False,"Looks like Wennberg taking over on top line with Smith and Marchment\n— Sheng Peng (@Sheng_Peng)\nOctober 6, 2026"
2026-10-06 00:16:26,2107262713907052720,@rustymac26,"Oct 5, 2026",https://twitter.com/GameDayLines/status/2107262713907052720,oembed,False,False,"#NHLBruins\nback to the PP\nPoitras skates hard and draws the hooking on Hayden Hodgson.\nPeterka is off PP1. Elias Lindholm moved up to the top unit.\n— Russ Macias (@rustymac26)\nOctober 6, 2026"
2026-10-06 00:16:26,2107262970883702844,@Sheng_Peng,"Oct 5, 2026",https://twitter.com/GameDayLines/status/2107262970883702844,oembed,False,False,"#SJSharks\nlines w/o Celebrini:\nMarchment-Wennberg-Smith\nChernyshov-Misa-Toffoli\nStenberg-Dellandrea-Graf\nGoodrow-Ostapchuk-Sherwood\nNurse-Kesselring\nDickinson-Trouba\nOrlov-Cagnoni\n— Sheng Peng (@Sheng_Peng)\nOctober 6, 2026"
2026-10-06 01:11:29,2107277160994242592,@rustymac26,"Oct 5, 2026",https://twitter.com/GameDayLines/status/2107277160994242592,oembed,False,False,"New\n#NHLBruins\nforward lines:\nGeekie-Lindholm-Pastrnak\nMittelstadt-Zacha-Peterka\nKhusnutdinov-Minten-Kastelic\nHagens-Poitras-Jeannot\n— Russ Macias (@rustymac26)\nOctober 6, 2026"
2026-10-06 01:11:29,2107277186378186758,@Real_Max_Miller,"Oct 5, 2026",https://twitter.com/GameDayLines/status/2107277186378186758,oembed,False,False,"The first was tough for the\n#SJSharks\n. I don't know if these lines are it right now either. Stars are outshooting SJ 16-3.\nHere's what I'd do:\nMarchment-Misa-Smith\nStenberg-Wennberg-Graf\nChernyshov-Dellandrea-Toffoli\nGoodrow-Ostapchuk-Sherwood\n— Max Miller (@Real_Max_Miller)\nOctober 6, 2026"
2026-10-06 01:21:25,2107279118731735474,@Sheng_Peng,"Oct 5, 2026",https://twitter.com/GameDayLines/status/2107279118731735474,oembed,False,False,"Cagnoni-Marchment-Smith-Chernyshov-Wennberg is PP1\n— Sheng Peng (@Sheng_Peng)\nOctober 6, 2026"
2026-10-06 01:21:25,2107279142492553642,@rustymac26,"Oct 5, 2026",https://twitter.com/GameDayLines/status/2107279142492553642,oembed,False,False,"Brunet QBing PP1.\n— Russ Macias (@rustymac26)\nOctober 6, 2026"
2026-10-06 01:27:26,2107280266469519848,@Sheng_Peng,"Oct 5, 2026",https://twitter.com/GameDayLines/status/2107280266469519848,oembed,False,False,"Orlov-Sherwood-Misa-Stenberg-Toffoli is PP2\n— Sheng Peng (@Sheng_Peng)\nOctober 6, 2026"
2026-10-06 01:57:27,2107287490541625511,@mikemcintyrewpg,"Oct 5, 2026",https://twitter.com/GameDayLines/status/2107287490541625511,oembed,False,False,"#NHLJets\ncoach Scott Arniel has switched up the bottom 9 to start the third period.\nBarron-Bjorck-Vilardi\nRosen-Lowry-Iafallo\nKoepke-Namestnikov-Lambert\n— Mike McIntyre (@mikemcintyrewpg)\nOctober 6, 2026"
2026-10-06 01:57:27,2107287723858145607,@rustymac26,"Oct 5, 2026",https://twitter.com/GameDayLines/status/2107287723858145607,oembed,False,False,"New top 6 for the\n#NHLBruins\n:\nMittelstadt-Zacha-Pastrnak\nPeterka-Lindholm-Geekie\n— Russ Macias (@rustymac26)\nOctober 6, 2026"
2026-10-06 02:02:23,2107289456411865125,@Real_Max_Miller,"Oct 5, 2026",https://twitter.com/GameDayLines/status/2107289456411865125,oembed,False,False,"The\n#SJSharks\nhave moved Smith to center. Dellandrea appeared to be on the RW now, with Marchment on the left.\n— Max Miller (@Real_Max_Miller)\nOctober 6, 2026"
2026-10-06 14:46:27,2107481852873166879,@sammisilber,"Oct 6, 2026",https://twitter.com/GameDayLines/status/2107481852873166879,oembed,False,False,"Caps lines at practice. Don’t put too much stock into order, team rolls 4 lines.\nOvechkin-Strome-Beauvillier\nTuch-Dubois-Wilson\nA. Protas-I. Protas-Kyrou\nJenner-Sourdif-Leonard\nMiroshnichenko, Frank\nChychrun-Liljegren\nFehervary-Desharnais\nHutson-McIlrath\nThompson\nLindgren\n— Sammi Silber 🏒 (@sammisilber)\nOctober 6, 2026"
2026-10-06 14:46:27,2107481984968589333,@amandacstein,"Oct 6, 2026",https://twitter.com/GameDayLines/status/2107481984968589333,oembed,False,False,"Here’s your\n#NJDevils\nlines and pairings for tonight against Utah.\nThe Hischier line took the opening rep on Jake Allen, so I’d expect him to get the start tonight.\nWe’ll see who is first off.\npic.twitter.com/vuXi8bHti5\n— Amanda Stein (@amandacstein)\nOctober 6, 2026"
2026-10-06 14:46:27,2107482048386445494,@AnsarKhanMLive,"Oct 6, 2026",https://twitter.com/GameDayLines/status/2107482048386445494,oembed,False,False,"#RedWings\npower play:\n1. Arvidsson/Larkin (net front/bumper rotating), DeBrincat-Raymond (flanks), Seider (point).\n2. Rasmussen (net front), Copp (bumper), ASP-Finnie (flanks), Faulk (point).\npic.twitter.com/UxYYx1QFSW\n— Ansar Khan (@AnsarKhanMLive)\nOctober 6, 2026"
2026-10-06 14:52:28,2107482630467821752,@HeleneStJames,"Oct 6, 2026",https://twitter.com/GameDayLines/status/2107482630467821752,oembed,False,False,"Lines at Red Wings morning skate:\nArvidsson-Larkin-Raymond\nDeBrincat-Finnie-MBN\nRasmussen-Copp-Kolesar\nMazur-Danielson-Englund (D man filling in)\nNo Kasper, Compher, Appleton.\n— Helene St. James (@HeleneStJames)\nOctober 6, 2026"
2026-10-06 14:52:28,2107483140310684096,@JFChaumontLNH,"Oct 6, 2026",https://twitter.com/GameDayLines/status/2107483140310684096,oembed,False,False,"La formation du CH ce matin au Centre Bell.\nUn probable premier match pour Florian Xhekaj cette saison.\nCaufield-Suzuki-Kreider\nSlafkovsky-Newhook-Dach\nBolduc-Danault-Texier\nF. Xhekaj-Evans-Anderson\nMatheson-Dobson\nHutson-Carrier\nStruble-A. Xhekaj\n— J-F Chaumont (@JFChaumontLNH)\nOctober 6, 2026"
2026-10-06 15:12:26,2107487523522117892,@stefen_rosner,"Oct 6, 2026",https://twitter.com/GameDayLines/status/2107487523522117892,oembed,False,False,"#Isles\nlines at Tuesday's morning skate\n@bullsmithsli\n:\nHeineman-Horvat-Palmieri\nSchenn-Ritchie-Eklund\nDuclair-Pageau-Holmstrom\nPalat-Cizikas-Maccelli\nE: MacLean\nPelech-Schaefer\nRomanov-Pulock\nStanley-DeAngelo\nE: Kessel-Mayfield\nVarly (took option)\nSorokin\nSullivan\n— Stefen Rosner (@stefen_rosner)\nOctober 6, 2026"
2026-10-06 15:18:11,2107488883164270753,@sammisilber,"Oct 6, 2026",https://twitter.com/GameDayLines/status/2107488883164270753,oembed,False,False,"Caps power play units the same:\nOvechkin, Chychrun, Strome, Wilson, Dubois\nLeonard, Hutson, Tuch, I. Protas, Kyrou\n— Sammi Silber 🏒 (@sammisilber)\nOctober 6, 2026"
2026-10-06 15:47:24,2107497500697592318,@ByScottPowers,"Oct 6, 2026",https://twitter.com/GameDayLines/status/2107497500697592318,oembed,False,False,"Blackhawks lines in morning skate\nKantserov-Nazar-Kane\nBertuzzi-Frondell-Teräväinen\nDonato-Moore-Lardis\nSmith-Greene-Greenway\n— Scott Powers (@ByScottPowers)\nOctober 6, 2026"
2026-10-06 15:52:53,2107497800942735791,@BagleyKSLsports,"Oct 6, 2026",https://twitter.com/GameDayLines/status/2107497800942735791,oembed,False,False,"Keller - Schmaltz - Trocheck\nLee - Cooley - Guenther\nCrouse - Hayton - McBain\nCarcone - Stenlund - But/O’Brien\nYamamoto\nSergachev - Weegar\nSchmidt - Marino\nSimashev - Peeke\nDeSimone\n#TusksUp\n#NJDevils\n— Cole Bagley (@BagleyKSLsports)\nOctober 6, 2026"
2026-10-06 15:52:53,2107497923739079018,@BrianHedger,"Oct 6, 2026",https://twitter.com/GameDayLines/status/2107497923739079018,oembed,False,False,"Slight change in\n#CBJ\ndefensive pairs from Monday. See if you can spot it:\nKnies-Fantilli-Johnson\nNichushkin-Monahan-Voronkov\nSillinger-Coyle-Olivier\nLomberg-Heinen-Garland\nWerenski-Severson\nSoucy-Mateychuk\nAndrae-Gudbranson\n— Brian Hedger (@BrianHedger)\nOctober 6, 2026"
2026-10-06 16:32:32,2107508189906223406,@OtherNHLCrosby,"Oct 6, 2026",https://twitter.com/GameDayLines/status/2107508189906223406,oembed,False,False,"Bryan Rust practicing in a regular jersey.\n#Pens\nlines:\nLapierre--Crosby--Rakell\nChinakhov--Novak--Malkin\nKoivunen--Kindel--Rust\nDewar--Lizotte--Robertson\nCarlile--Karlsson\nGirard--Korczak\nvan Riemsdyk--Letang\n— Wes Crosby (@OtherNHLCrosby)\nOctober 6, 2026"
2026-10-06 16:32:32,2107508346567733376,@benkuzma,"Oct 6, 2026",https://twitter.com/GameDayLines/status/2107508346567733376,oembed,False,False,"Canucks lines, pairings at early morning skate:\nDeBrusk-EP40-Lekkerimaki\nCotter-Rossi-Boeser\nOhgren-Sasson-Karlsson\nBains-O’Connor-Gallagher\nBuium-Hronek\nOleksiak-Willander\nEP25-Mancini\n#Canucks\n— Ben Kuzma 🇨🇦🇺🇦 (@benkuzma)\nOctober 6, 2026"
2026-10-06 16:32:32,2107508481129423168,@Bob_Stauffer,"Oct 6, 2026",https://twitter.com/GameDayLines/status/2107508481129423168,oembed,False,False,"The\n@EdmontonOilers\npractice this morning:\nPodkolzin-McDavid-Draisatl\nFrederic-Dickinson-Kapanen\nSamanski/Jones-Dach-Howard\nFormenton-Michaels-Joseph\nEkholm-Bouchard\nShea-Murphy\nWalman-Emberson\nStastney-Muhkamadullin\nLevi\nJarry\n— Bob Stauffer (@Bob_Stauffer)\nOctober 6, 2026"
2026-10-06 16:46:31,2107511998279721068,@PensInsideScoop,"Oct 6, 2026",https://twitter.com/GameDayLines/status/2107511998279721068,oembed,False,False,"Rust slotting in on the second unit.\nPP1) Karlsson, Rakell, Novak, Crosby\nPP2) Letang, Rust, Malkin, Chinakhov, Lapierre/Koivunen\n— Pens Inside Scoop (@PensInsideScoop)\nOctober 6, 2026"
2026-10-06 16:52:27,2107513282542063850,@Benton_Mike,"Oct 6, 2026",https://twitter.com/GameDayLines/status/2107513282542063850,oembed,False,False,"Morning skate line rushes, 10/6\nMcCann-Beniers-Samoskevich\nMcMann-Stephenson-Eberle\nKakko-Catton-Wright\nMeyers-Gaudreau-Winterton\nDunn-Larsson\nEvans-Montour\nLindgren-Fleury\nMahura-Ottavainen\npic.twitter.com/ykBDyiFEfq\n— Mike Benton (@Benton_Mike)\nOctober 6, 2026"
2026-10-06 17:06:24,2107517514217590795,@SteinbergYYC,"Oct 6, 2026",https://twitter.com/GameDayLines/status/2107517514217590795,oembed,False,False,"#Flames\nat practice Tuesday with Zary and Pachal not skating:\nGridin-Frost-Coronato\nSharangovich-Backlund-Farabee\nHonzek-Strome-Pospisil\nTsyplakov-Othmann-Klapka\nBahl-Whitecloud\nKuznetsov-Nemec\nMiddleton-Parekh\nHanley\nWolf\nCooley\n— Pat Steinberg (@SteinbergYYC)\nOctober 6, 2026"
2026-10-06 17:17:25,2107519620261257647,@baileyycurtis,"Oct 6, 2026",https://twitter.com/GameDayLines/status/2107519620261257647,oembed,False,False,"Avs practice lines for 10/6:\nLehkonen - MacKinnon - Necas\nLandeskog - Nelson - Kadri\nSchwartz - Svechkov - Hughes\nKelly - Roy - O’Connor/L’Heureux\nThe group will leave for Winnipeg following practice.\n— Bailey Curtis (@baileyycurtis)\nOctober 6, 2026"
2026-10-06 17:46:30,2107527192972541976,@HockeyMtnHighCO,"Oct 6, 2026",https://twitter.com/GameDayLines/status/2107527192972541976,oembed,False,False,"Avs Power play units\nPP1\nMakar- Kadri- MacKinnon- Necas- Hughes\nPP2\nNelson- Toews- Landeskog- Lehkonen- Schwartz\nKadri and Landeskog have swaped places.\n#Avs\n#GoAvsGo\npic.twitter.com/cXFhj4Kahs\n— Hockey Mountain High (@HockeyMtnHighCO)\nOctober 6, 2026"
2026-10-06 18:11:30,2107533600346522001,@Derek_Lee27,"Oct 6, 2026",https://twitter.com/GameDayLines/status/2107533600346522001,oembed,False,False,"Ducks practice lines (10/06):\nGreer-Carlsson-Gauthier\nKillorn-Granlund-Sennecke\nNesterenko-Poehling-Klepov\nMalott-Washe-Caulfield\nVatrano-Colangelo\nLaCombe-Luneau\nHinds-Warren\nMintyukov-Mitchell\nJensen-Helleson*\nDostál | Husso\n#FlyTogether\n— Derek Lee (@Derek_Lee27)\nOctober 6, 2026"
2026-10-06 18:42:30,2107540468951302652,@ZachCav,"Oct 6, 2026",https://twitter.com/GameDayLines/status/2107540468951302652,oembed,False,False,"Anaheim Ducks power play units 10/6:\nLaCombe\nCarlsson-Gauthier\nGranlund-Sennecke\nLuneau\nKlepov-Mintyukov\nPoehling-Killorn\n@SportingTrib\n|\n#FlyTogether\n— Zach Cavanagh (@ZachCav)\nOctober 6, 2026"
2026-10-06 22:41:33,2107601379879735461,,"Oct 6, 2026",https://twitter.com/GameDayLines/status/2107601379879735461,oembed,False,False,"MTL: Lines as per Guillaume Lefrançois\nhttps://t.co/joPzDA3htt\nCaufield-Suzuki-Kreider\nSlafkovsky-Newhook-Dach\nBolduc-Danault-Texier\nFXhekaj-Evans-Anderson\nMatheson-Dobson\nHutson-Carrier\nStruble-AXhekaj\n— Game Day Lines (@GameDayLines)\nOctober 6, 2026"
2026-10-06 22:41:33,2107601683383763325,@RussoHockey,"Oct 6, 2026",https://twitter.com/GameDayLines/status/2107601683383763325,oembed,False,False,"Kaprizov-Yurov-Shabanov\nColeman-Eriksson Ek-Boldy\nTrenin-Hartman-Brink\nLittle Bro-McCarron-Big Bro\nHughes-Spurgeon\nMaatta-Brodin\nHunt-Bogosian\nhttps://t.co/oxUnXKIeSd\n— Michael Russo (@RussoHockey)\nOctober 6, 2026"
2026-10-06 22:41:33,2107601716162302392,@KieserNick,"Oct 6, 2026",https://twitter.com/GameDayLines/status/2107601716162302392,oembed,False,False,"#Preds\nlines vs. Toronto\nStamkos - O’Reilly - Kerfoot\nForsberg - Wood - Hoglander\nColton - Bourque - Marchessault\nDrury - Edstrom\nHague - Josi\nSkjei - Perbix\nTrudeau - Wilsby\nAhcan\nSaros 🥅\nMurray\n— Nick Kieser🏒 (@KieserNick)\nOctober 6, 2026"
2026-10-06 22:41:33,2107601750668841011,@koshtorontosun,"Oct 6, 2026",https://twitter.com/GameDayLines/status/2107601750668841011,oembed,False,False,"#Leafs\nin warmup:\nMarchenko-Matthews-Roslovic\nMcKenna-Tavares-Nylander\nCowan-Paul-Sissons\nDuhaime-Blueger-Groulx\nMcCabe-Tanev\nRielly-Raddysh\nEkman-Larsson-Stecher\nStolarz\nBobrovsky\n— Terry Koshan 🇺🇦 (@koshtorontosun)\nOctober 6, 2026"
2026-10-06 22:41:33,2107601783334068598,@rachelmlenzi,"Oct 6, 2026",https://twitter.com/GameDayLines/status/2107601783334068598,oembed,False,False,"Lines/defensive pairs for the\n#Sabres\nin warmups:\nNorris-Thompson-Doan\nBenson-Ostlund-Quinn\nKrebs-Kulich-Helenius\nMalenstyn-McLeod-Danforth\nSamuelsson-Dahlin\nZellweger-Power\nMetsa-Crevier\nEllis\nUPL\n— Rachel Lenzi 💁🏻‍♀️😎💥 (@rachelmlenzi)\nOctober 6, 2026"
2026-10-06 22:41:33,2107601811456840030,@utahmammoth,"Oct 6, 2026",https://twitter.com/GameDayLines/status/2107601811456840030,oembed,False,True,"Tuesday tilt. 👊\npic.twitter.com/4itaCkP6TL\n— Utah Mammoth (@utahmammoth)\nOctober 6, 2026"
2026-10-06 22:47:30,2107603046687756754,@WaltRuff,"Oct 6, 2026",https://twitter.com/GameDayLines/status/2107603046687756754,oembed,False,False,"Here's how the\n#Canes\nline up tonight in Montreal —\nCarrier - Aho - Svechnikov\nHall - Stankoven - Blake\nEhlers - Staal - Martinook\nRobinson - Jankowski - Kotkaniemi\nSlavin - Chatfield\nMiller - Walker\nGostisbehere - Reilly\nBussi\npic.twitter.com/LNlaRDkThH\n— Walt Ruff (@WaltRuff)\nOctober 6, 2026"
2026-10-06 22:52:26,2107603181752721717,@AnsarKhanMLive,"Oct 6, 2026",https://twitter.com/GameDayLines/status/2107603181752721717,oembed,False,False,"#RedWings\nlines in warmups before facing Ottawa:\nArvidsson-Larkin-Raymond\nDeBrincat-Finnie-MBN\nRasmussen-Copp-Kolesar\nMazur-Danielson-Dries\nAlbert Johansson-Seider\nAnton Johansson-Faulk\nChiarot-ASP\nWallinder\nSince Wallinder took the lap it looks like they’ll go 11 and 7 again.\npic.twitter.com/HjcnBPCB4h\n— Ansar Khan (@AnsarKhanMLive)\nOctober 6, 2026"
2026-10-06 22:52:26,2107603347306061825,@InStilettos_NHL,"Oct 6, 2026",https://twitter.com/GameDayLines/status/2107603347306061825,oembed,False,False,"#NJDevils\nGame 3 Lineup:\nMantha - Hughes - Bratt\nMeier - Hischier - Evangelista\nGritsyuk - Rodrigues - Mercer\nLombardi - Glass - Boqvist\nHughes - Pesce\nSiegenthaler - Hamilton\nDillon - Chisholm\nAllen\n— Kristy Flannery (@InStilettos_NHL)\nOctober 6, 2026"
2026-10-06 22:52:26,2107603643390410994,@Senators,"Oct 6, 2026",https://twitter.com/GameDayLines/status/2107603643390410994,oembed,False,True,"Your projected lines in Detroit tonight 🫡\n#GoSensGo\npic.twitter.com/4uLU5i7smJ\n— Ottawa Senators (@Senators)\nOctober 6, 2026"
2026-10-06 23:12:27,2107608806201122916,@ColinSNewsday,"Oct 6, 2026",https://twitter.com/GameDayLines/status/2107608806201122916,oembed,False,False,"The\n#NYR\nwarmup lines and D pairs against the\n#isles\ntonight are:\nPerreault-Zibanejad-Lafreniere\nKartye-Miller-Dorofeyev\nCuylle-Laba-Tolvanen\nBjorkstrand-Beaudoin-Chmelar\nGavrikov-Fox\nPettersson-Durzi\nSmits-Schneider\nShesterkin\nGarand\n— Colin Stephenson (@ColinSNewsday)\nOctober 6, 2026"
2026-10-06 23:12:27,2107608845136855062,@stefen_rosner,"Oct 6, 2026",https://twitter.com/GameDayLines/status/2107608845136855062,oembed,False,False,"#Isles\nwarmup lines vs.\n#NYR\n@bullsmithsli\n:\nHeineman-Horvat-Palmieri\nSchenn-Ritchie-Eklund\nHolmstrom-Pageau-Duclair\nPalat-Cizikas-Maccelli\nPelech-Schaefer\nRomanov-Pulock\nStanley-DeAngelo\nVarlamov\nSorokin\n— Stefen Rosner (@stefen_rosner)\nOctober 6, 2026"
2026-10-06 23:56:30,2107619605351170267,@jprutherford,"Oct 6, 2026",https://twitter.com/GameDayLines/status/2107619605351170267,oembed,False,False,"#stlblues\nprojected lineup at Chicago:\nHolloway-Thomas-Snuggerud\nMcMichael-McTavish-Berggren\nNeighbours-Dvorsky-Buchnevich\nDube-Suter-Johnston\nBroberg-Jiricek\nLindstein-Parayko\nFowler-Carlo\nHofer\n— Jeremy Rutherford (@jprutherford)\nOctober 6, 2026"
2026-10-06 23:56:30,2107619628969242873,@ByScottPowers,"Oct 6, 2026",https://twitter.com/GameDayLines/status/2107619628969242873,oembed,False,False,"Blackhawks lineup in warmups\nKantserov-Nazar-Kane\nBertuzzi-Frondell-Teräväinen\nDonato-Moore-Lardis\nSmith-Greene-Greenway\nByram-Levshunov\nVlasic-Cole\nKaiser-Rinzel\nKnight\nSöderblom\n— Scott Powers (@ByScottPowers)\nOctober 6, 2026"
2026-10-07 00:07:23,2107622626386702771,@MollieeWalkerr,"Oct 6, 2026",https://twitter.com/GameDayLines/status/2107622626386702771,oembed,False,False,"With J.T. Miller in the box, Will Cuylle is skating in his place on\n#NYR\nPP1\n— Mollie Walker (@MollieeWalkerr)\nOctober 7, 2026"
2026-10-07 01:07:27,2107637572239503614,@engelheather,"Oct 6, 2026",https://twitter.com/GameDayLines/status/2107637572239503614,oembed,False,False,"Some changes:\nKrebs now with Thompson and Doan, Norris with Kulich and Helenius.\nOn defense, Dahlin and Power are paired up, Samuelsson with Zellweger.\n— Heather Engel (@engelheather)\nOctober 7, 2026"
2026-10-07 01:21:23,2107642114909806677,@JamesNicholsNHL,"Oct 6, 2026",https://twitter.com/GameDayLines/status/2107642114909806677,oembed,False,False,"Some\n#NJDevils\nline changes:\nGritsyuk-Jack-Bratt\nMantha-Rodrigues-Mercer\n— James Nichols (@JamesNicholsNHL)\nOctober 7, 2026"
2026-10-07 01:42:30,2107645160867979486,@sound_hockey,"Oct 6, 2026",https://twitter.com/GameDayLines/status/2107645160867979486,oembed,False,False,"Here's how the\n#SeaKraken\nwill line up against\n#VegasBorn\n.\nBen Meyers and Cale Fleury draw back in.\nWe've always assumed the Beniers line is the ""first"" line, but the Stephenson line went first in line rushes for the second game in a row, so we've adjusted accordingly.\npic.twitter.com/wb7M6EBsNF\n— Sound Of Hockey (@sound_hockey)\nOctober 7, 2026"
2026-10-07 01:42:30,2107646535882494124,@SinBinVegas,"Oct 6, 2026",https://twitter.com/GameDayLines/status/2107646535882494124,oembed,False,False,"Lines for VGK vs SEA, per Scripps pregame\nBarbashev-Eichel-Stone\nHowden-Karlsson-Marner\nConnelly-Hertl-Olofsson\nBowman-Dowd-Gatcomb\nMcNabb-Theodore\nWotherspoon-Andersson\nLauzon-Hanifin\nHart\n— SinBin.vegas (@SinBinVegas)\nOctober 7, 2026"
2026-10-07 01:47:25,2107648121786568895,@DooleyLAK,"Oct 6, 2026",https://twitter.com/GameDayLines/status/2107648121786568895,oembed,False,False,"Tonight's\n@LAKings\nLine Rushes -\nPanarin - Byfield - Kempe\nLaferriere - Turcotte - Zuccarello\nMoore - Haula - Armia\nLaughton - Perry\nDumoulin - Doughty\nEdmundson - Clarke\nAnderson - Ceci\nGustafsson\nKuemper\nForsberg\n— Zach Dooley (@DooleyLAK)\nOctober 7, 2026"
2026-10-07 01:47:25,2107648219337605393,@JamesonCoop,"Oct 6, 2026",https://twitter.com/GameDayLines/status/2107648219337605393,oembed,False,False,"#FlaPanthers\nlines vs.\n#Kings\n👇\nVerhaeghe - Bennett - M. Tkachuk\nLuostarinen - Lundell - Vilmanis\nB. Tkachuk - Reinhart - Marchand\nImama - Eller - Hathaway\nForsling - Kulikov\nMikkola - Jones\nBalinskis - Gudas\nMarkstrom\nSchmid\n— Jameson Olive (@JamesonCoop)\nOctober 7, 2026"
2026-10-07 02:02:26,2107650776168641004,@JamesNicholsNHL,"Oct 6, 2026",https://twitter.com/GameDayLines/status/2107650776168641004,oembed,False,False,"Timo Meier on PP1 as the 6th man with Allen on the bench.\n#NJDevils\n— James Nichols (@JamesNicholsNHL)\nOctober 7, 2026"
2026-10-07 02:31:40,2107659696018772019,@jprutherford,"Oct 6, 2026",https://twitter.com/GameDayLines/status/2107659696018772019,oembed,False,False,"Holloway and Buchnevich has switched spots:\nBuchnevich-Thomas-Snuggerud\nNeighbours-Dvorsky-Holloway\n— Jeremy Rutherford (@jprutherford)\nOctober 7, 2026"
2026-10-07 05:06:24,2107698439404573150,@JamesonCoop,"Oct 7, 2026",https://twitter.com/GameDayLines/status/2107698439404573150,oembed,False,False,"Luostarinen - Lundell - Reinhart\nCats going with one of their favorite lines late in the 3rd.\n— Jameson Olive (@JamesonCoop)\nOctober 7, 2026"
2026-10-07 14:12:27,2107834734693044321,@lkorac10,"Oct 7, 2026",https://twitter.com/GameDayLines/status/2107834734693044321,oembed,False,False,"Jiricek quarterbacking PP1.\n#stlblues\n— Lou Korac (@lkorac10)\nOctober 7, 2026"
2026-10-07 15:21:30,2107853163499761690,@smclaughlin9,"Oct 7, 2026",https://twitter.com/GameDayLines/status/2107853163499761690,oembed,False,False,"Bruins lines at Wednesday practice:\nGeekie-Zacha-Pastrnak\nKhusnutdinov-Minten-Peterka\nMittelstadt-Lindholm-Hagens\nJeannot-Poitras-Kastelic\nKuraly\nLindholm-Borgen\nZadorov-Clifton\nBrunet-Lohrei\nAspirot-McAvoy\nSwayman\nDiPietro\n— Scott McLaughlin (@smclaughlin9)\nOctober 7, 2026"
2026-10-07 15:21:30,2107853268604912028,@Erik_Erlendsson,"Oct 7, 2026",https://twitter.com/GameDayLines/status/2107853268604912028,oembed,False,False,"Lines, lines . . .\nGoncalves-Point-Kucherov\nHagel-Cirelli-Guentzel\nMikheyev-Girgensons-Holmberg\nGeekie-Harkins-Viel\nJames/Sabourin\nMoser-Carlson\nMcDonagh-Cernak\nHedman-Lilleberg\nD’Astous-Crozier\n— Lightning Insider (@Erik_Erlendsson)\nOctober 7, 2026"
2026-10-07 15:21:30,2107853472552903058,@RobertTiffin,"Oct 7, 2026",https://twitter.com/GameDayLines/status/2107853472552903058,oembed,False,False,"Lines at practice this morning largely the same as SJ game:\nSteel-Johnston-Rantanen\nRobertson-Hintz-Benn\nHryckowian-Hyry-Seguin\nBäck-Faksa-Blackwell\nLindell-Heiskanen\nHarley-Lundkvist\nBichsel-Myers\nCapobianco\nBoth goalies\nNo Kiviranta. Might be maintenance. We will ask.\n— Robert Tiffin (@RobertTiffin)\nOctober 7, 2026"
2026-10-07 15:27:24,2107854243503755445,@danielleBain,"Oct 7, 2026",https://twitter.com/GameDayLines/status/2107854243503755445,oembed,False,False,"Lines at\n#NHLJets\nmorning skate ahead of a matchup with Colorado:\nConnor - Scheifele - Perfetti\nRosén - Björck - Vilardi\nBarron - Lowry - Iafallo\nKoepke - Namestnikov - Iafallo\nMorrissey - DeMelo\nSamberg - Pionk\nFerraro - St. Ivany\nFleury - Bauer\nSkinner\nStevenson\npic.twitter.com/wXKad3etkF\n— danielle bain (@danielleBain)\nOctober 7, 2026"
2026-10-07 15:27:24,2107854438698242544,@smclaughlin9,"Oct 7, 2026",https://twitter.com/GameDayLines/status/2107854438698242544,oembed,False,False,"Brunet quarterbacking PP1 with Pastrnak, Geekie, Zacha and E. Lindholm. McAvoy starting to mix back into PP practice as well. He returns from suspension on Tuesday.\n— Scott McLaughlin (@smclaughlin9)\nOctober 7, 2026"
2026-10-07 15:42:23,2107858263697981733,@EddieInTheYard,"Oct 7, 2026",https://twitter.com/GameDayLines/status/2107858263697981733,oembed,False,False,"#GoBolts\npractice 10/7 power plays with different look. PP 1 running 2 D with D’Astous up top and Carlson on the left circle.\nPP1: D’Astous, Carlson, Point, Kucherov, Guentzel\nPP2: Moser, Hagel, Cirelli, Geekie, Goncalves\n— Eduardo A. Encina (@EddieInTheYard)\nOctober 7, 2026"
2026-10-07 16:22:03,2107867516043247972,@kalenalumpkins,"Oct 7, 2026",https://twitter.com/GameDayLines/status/2107867516043247972,oembed,False,False,"Blackhawks lines and pairs in practice:\nMoore-Nazar-Kane\nBertuzzi-Frondell-Kantserov\nDonato-Toninato-Lardis\nSmith-Greene-Greenway\nByram-Levshunov\nVlasic-Cole\nKaiser-Rinzel\nKorchinski-Del Mastro\n— Kalen Lumpkins (@kalenalumpkins)\nOctober 7, 2026"
2026-10-07 17:02:26,2107876796482158802,@SteinbergYYC,"Oct 7, 2026",https://twitter.com/GameDayLines/status/2107876796482158802,oembed,False,False,"#Flames\nat practice Wednesday:\nGridin-Frost-Coronato\nSharangovich-Backlund-Farabee\nHonzek-Strome-Pospisil\nSuniev-Castagna-Klapka\nOthmann-Tsyplakov\nBahl-Whitecloud\nKuznetsov-Nemec\nMiddleton-Parekh\nHanley\nWolf\nCooley\n— Pat Steinberg (@SteinbergYYC)\nOctober 7, 2026"
2026-10-07 17:02:26,2107877866625261952,@SteinbergYYC,"Oct 7, 2026",https://twitter.com/GameDayLines/status/2107877866625261952,oembed,False,False,"#Flames\npowerplay units at practice:\nPP1: Frost-Gridin-Coronato-Farabee-Parekh\nPP2: Strome-Suniev-Klapka-Sharangovich-Nemec\n— Pat Steinberg (@SteinbergYYC)\nOctober 7, 2026"
2026-10-07 17:12:26,2107880314832072725,@MaxHerzTalks,"Oct 7, 2026",https://twitter.com/GameDayLines/status/2107880314832072725,oembed,False,False,"Preds Wednesday practice rushes in Montreal:\nStamkos-O’Reilly-Kerfoot\nForsberg-Wood-Höglander\nColton-Bourque-Marchessault\nSchaefer-Drury-Edström\nPinchuk\nHague-Josi\nSkjei-Perbix\nTrudeau-Wilsby\nAhcan-Lyubushkin\n@1025TheGame\npic.twitter.com/nx4Sv0cP2J\n— Max Herz (@MaxHerzTalks)\nOctober 7, 2026"
2026-10-07 17:17:29,2107881665179898245,@PatrickCPresent,"Oct 7, 2026",https://twitter.com/GameDayLines/status/2107881665179898245,oembed,False,False,"Anaheim Ducks lines/pairs from morning skate (10/7)\nGreer-Carlsson-Gauthier\nSennecke-Granlund-Killorn\nNesterenko-Poehling-Klepov\nMalott-Washe-Caulfield\n(Vatrano-Colangelo)\nLaCombe-Luneau\nMintyukov-Mitchell\nHinds-Warren\n(Jensen-Helleson)\n#FlyTogether\n— Patrick Present (@PatrickCPresent)\nOctober 7, 2026"
2026-10-07 17:27:25,2107884128184201413,@lkorac10,"Oct 7, 2026",https://twitter.com/GameDayLines/status/2107884128184201413,oembed,False,False,"#stlblues\nlines/d-pairs (10/7):\nHolloway-Thomas-Snuggerud\nMcMichael-McTavish-Berggren\nNeighbours-Dvorsky-Buchnevich\nJohnston-Suter-Dube\n* Dean\nBroberg-Jiricek\nBarron-Parayko\nFowler-Carlo\n* Lindstein\nHofer\nBinnington\n— Lou Korac (@lkorac10)\nOctober 7, 2026"
2026-10-07 18:22:22,2107896908849238101,@ThomasDrance,"Oct 7, 2026",https://twitter.com/GameDayLines/status/2107896908849238101,oembed,False,False,"DeBrusk is back on PP1 as the\n#Canucks\nput in work on 5-on-4 breakouts at practice Wednesday.\nPP2:\nWillander\nLekkerimäki-Öhgren-Buium\nKarlsson\n🥅\n— Thomas Drance (@ThomasDrance)\nOctober 7, 2026"
2026-10-07 23:12:24,2107969841600856370,@sammisilber,"Oct 7, 2026",https://twitter.com/GameDayLines/status/2107969841600856370,oembed,False,False,"Capitals lines vs. Penguins. Reminder line order doesn't hold much weight for this Caps squad.\nOvechkin-Strome-Beauvillier\nTuch-Dubois-Wilson\nA. Protas-I. Protas-Kyrou\nJenner-Sourdif-Leonard\nChychrun-Liljegren\nFehervary-Desharnais\nHutson-McIlrath\nThompson\n— Sammi Silber 🏒 (@sammisilber)\nOctober 7, 2026"
2026-10-07 23:12:24,2107971178635927797,@TomGulittiNHL,"Oct 7, 2026",https://twitter.com/GameDayLines/status/2107971178635927797,oembed,False,False,"Penguins in warmup:\nLapierre-Crosby-Rakell\nChinakhov-Novak-Malkin\nKoivunen-Kindel-Rust\nDewar-Lizotte-Robertson\nCarlile-Karlsson\nGirard-Korczak\nTvR-Letang\nSilovs (vs. Thompson)\n— Tom Gulitti (@TomGulittiNHL)\nOctober 7, 2026"
2026-10-07 23:26:25,2107973920385360035,@HockeyMtnHighCO,"Oct 7, 2026",https://twitter.com/GameDayLines/status/2107973920385360035,oembed,False,False,"Projected lines for the night! Blackwood with the start and L’Heureux making his debut!\n#Avs\n#GoAvsGo\npic.twitter.com/prpUonHkwT\n— Hockey Mountain High (@HockeyMtnHighCO)\nOctober 7, 2026"
2026-10-08 01:06:25,2108000234236207111,@JoshYohe_PGH,"Oct 7, 2026",https://twitter.com/GameDayLines/status/2108000234236207111,oembed,False,False,"Rust back on the top line even faster than expected.\n— Josh Yohe (@JoshYohe_PGH)\nOctober 8, 2026"
2026-10-08 01:42:30,2108008860766355795,@Derek_Lee27,"Oct 7, 2026",https://twitter.com/GameDayLines/status/2108008860766355795,oembed,False,False,"Ducks warmup lines vs.\n#LetsGoOilers\n:\nGreer-Carlsson-Gauthier\nKillorn-Granlund-Sennecke\nNesterenko-Poehling-Klepov\nMalott-Washe-Caulfield\nLaCombe-Luneau\nMintyukov-Mitchell\nHinds-Warren\nDostál\n#FlyTogether\n— Derek Lee (@Derek_Lee27)\nOctober 8, 2026"
2026-10-08 01:42:30,2108008945852064126,@Bob_Stauffer,"Oct 7, 2026",https://twitter.com/GameDayLines/status/2108008945852064126,oembed,False,False,"The\n@EdmontonOilers\nwarm-up in Anaheim:\nPodkolzin-McDavid-Draisaitl\nFrederic-Dickinson-Kapanen\nFormenton-Michaels-Joseph\nHoward-Samanski-Jones\nEkholm-Bouchard\nShea-Murphy\nWalman-Emberson\nMukhamadulllin\nLevi\nJarry\n— Bob Stauffer (@Bob_Stauffer)\nOctober 8, 2026"
2026-10-08 01:52:22,2108011129238864198,@evanrawal,"Oct 7, 2026",https://twitter.com/GameDayLines/status/2108011129238864198,oembed,False,False,"Lehkonen - MacKinnon - Kadri\nLandeskog - Nelson - Necas\n#GoAvsGo\nlines to start the third.\n— Evan Rawal (@evanrawal)\nOctober 8, 2026"
2026-10-08 04:37:24,2108052883887571408,@Derek_Lee27,"Oct 8, 2026",https://twitter.com/GameDayLines/status/2108052883887571408,oembed,False,False,"Seeing different defensive pairings here in the third:\nLaCombe-Warren\nMintyukov-Luneau\nHinds-Mitchell\nJoel Quenneville has also been throwing the forward lines through a bit of a blender.\n#FlyTogether\n— Derek Lee (@Derek_Lee27)\nOctober 8, 2026"
2026-10-08 14:31:26,2108203301367841052,@RyanHenkel_,"Oct 8, 2026",https://twitter.com/GameDayLines/status/2108203301367841052,oembed,False,False,"Canes morning skate lines (10/8):\nSvechnikov-Aho-Carrier\nHall-Stankoven-Blake\nEhlers-Staal-Martinook\nRobinson-Jankowski-Kotkaniemi\nDeslauriers-Jarvis\nSlavin-Chatfield\nMiller-Walker\nGostisbehere-Reilly\nValimaki\nKochetkov\nBussi\n— Ryan Henkel (@RyanHenkel_)\nOctober 8, 2026"
2026-10-08 14:46:27,2108206303340274035,@SunGarrioch,"Oct 8, 2026",https://twitter.com/GameDayLines/status/2108206303340274035,oembed,False,False,"Today's alignment\n#Sens\nEklund-Stutzle-Batherson\nGreig-Cozens-Zetterlund\nAmadio-Pinto-Giroux\nFoegele-Halliday-Cousins\nHodgson/Burakovsky\nChabot-Spence\nKleven-Yakemchuk\nCrotty-Matinpalo\nZub\nUllmark\nErsson\n— Bruce Garrioch (@SunGarrioch)\nOctober 8, 2026"
2026-10-08 14:46:27,2108206418146824291,@AGrossNewsday,"Oct 8, 2026",https://twitter.com/GameDayLines/status/2108206418146824291,oembed,False,False,"#Isles\nmorning skate\nHeineman-Horvat-Palmieri\nSchenn-Ritchie-Eklund\nHolmstrom-Pageau-Duclair\nPalat-Cizikas-Maccelli\nExtra: MacLean\nStanley-Schaefer\nPelech-Pulock\nDeAngelo-Mayfield\nExtra: Kessel\nSorokin (starter’s net)\nVarlamov\n— Andrew Gross (@AGrossNewsday)\nOctober 8, 2026"
2026-10-08 15:07:28,2108212084018229421,@AnsarKhanMLive,"Oct 8, 2026",https://twitter.com/GameDayLines/status/2108212084018229421,oembed,False,False,"#RedWings\nlines:\nArvidsson-Larkin-Raymond\nDeBrincat-Finnie-MBN\nRasmussen-Copp-Kolesar\nDries-Danielson-Mazur (Englund skating at forward)\nAlbert Johansson-Seider\nChiarot-Anton Johansson\nWallinder-Faulk\nJBD-ASP\nGibson/Tarasov.\npic.twitter.com/cOo8vMx7y7\n— Ansar Khan (@AnsarKhanMLive)\nOctober 8, 2026"
2026-10-08 15:27:27,2108216332101546127,@MollieeWalkerr,"Oct 8, 2026",https://twitter.com/GameDayLines/status/2108216332101546127,oembed,False,False,"#NYR\nlines and D pairs look the same at practice today:\nPerreault-Zibanejad-Lafrenière\nKartye-Miller-Dorofeyev\nCuylle-Laba-Tolvanen\nBjorkstrand-Beaudoin-Chmelař\nGavrikov-Fox\nPettersson-Durzi\nŠmits-Schneider\n— Mollie Walker (@MollieeWalkerr)\nOctober 8, 2026"
2026-10-08 15:32:31,2108218429987541320,@amandacstein,"Oct 8, 2026",https://twitter.com/GameDayLines/status/2108218429987541320,oembed,False,False,"Back to the same lines for\n#NJDevils\nthat started the first three games. Mantha and Gritsyuk flipped in the third against Utah.\nNoesen a placeholder for Jack (maintenance day). Boqvist remains on the Glass line.\nSiegenthaler (injured) isn't out there, Kovacevic ramping up.…\npic.twitter.com/4ATaWMVgV9\n— Amanda Stein (@amandacstein)\nOctober 8, 2026"
2026-10-08 15:37:20,2108218887971958973,@lkorac10,"Oct 8, 2026",https://twitter.com/GameDayLines/status/2108218887971958973,oembed,False,False,"#stlblues\nmorning skate (10/8):\nHolloway-Thomas-Snuggerud\nMcMichael-McTavish-Berggren\nNeighbours-Dvorsky-Buchnevich\nDube-Suter-Johnston\n* Dean\nBroberg-Jiricek\nBarron-Parayko\nFowler-Carlo\n* Lindstein\nHofer (starter's net)\nBinnington\n— Lou Korac (@lkorac10)\nOctober 8, 2026"
2026-10-08 15:47:33,2108221542198902815,@RussoHockey,"Oct 8, 2026",https://twitter.com/GameDayLines/status/2108221542198902815,oembed,False,False,"Wild lines (Marcus up, Trenin down, Sturm in with Nick hurt)\nColeman-Eriksson Ek-Boldy\nKaprizov-Yurov-Shabanov\nM. Foligno-Hartman-Brink\nTrenin-McCarron-Sturm\nHughes-Spurgeon\nMaatta-Brodin\nHunt-Bogosian\n— Michael Russo (@RussoHockey)\nOctober 8, 2026"
2026-10-08 15:47:33,2108221603179848169,@jprutherford,"Oct 8, 2026",https://twitter.com/GameDayLines/status/2108221603179848169,oembed,False,False,"#stlblues\npower play units:\nPP1: Thomas, Holloway, Snuggerud, Neighbours, Jiricek\nPP2: McTavish, McMichael, Buchnevich, Dvorsky, Fowler\n— Jeremy Rutherford (@jprutherford)\nOctober 8, 2026"
2026-10-08 15:47:33,2108221756695613465,@DylanTyrer,"Oct 8, 2026",https://twitter.com/GameDayLines/status/2108221756695613465,oembed,False,False,"#CBJ\npractice lines/pairs ahead of tomorrow’s game against the Pens.\nKnies-Fantilli-Johnson\nNichushkin-Monahan-Voronkov\nSillinger-Coyle-Olivier\nLomberg-Heinen-Garland\nWerenski-Severson\nSoucy-Mateychuk\nAndrae-Gudbranson\n— Dylan Tyrer (@DylanTyrer)\nOctober 8, 2026"
2026-10-08 15:47:33,2108221919212278003,@AnsarKhanMLive,"Oct 8, 2026",https://twitter.com/GameDayLines/status/2108221919212278003,oembed,False,False,"A switch to the main rink for power play practice:\n1. Arvidsson/Larkin (net front/bumper alternating), DeBrincat-Raymond (flanks), Seider (point).\n2. Rasmussen (net front), Copp (bumper), MBN-Finnie (flanks), Faulk (point).\nMBN replaces ASP on second unit.\npic.twitter.com/zfhz8nnRfk\n— Ansar Khan (@AnsarKhanMLive)\nOctober 8, 2026"
2026-10-08 15:47:33,2108222066092581077,@InStilettos_NHL,"Oct 8, 2026",https://twitter.com/GameDayLines/status/2108222066092581077,oembed,False,False,"10.08.26\n#NJDevils\nPractice\nMeier - Hischier - Evangelista\nMantha - [Noesen] - Bratt\nGritsyuk - Rodrigues - Mercer\nLombardi - Glass - Boqvist\nHughes - Pesce\nDillon - Kovacevic\nChisholm - Hamilton\nAllen | Daws | Poirier\nNot on the ice: Brown (injury) & J. Hughes…\n— Kristy Flannery (@InStilettos_NHL)\nOctober 8, 2026"
2026-10-08 15:51:31,2108222326579900584,@BagleyKSLsports,"Oct 8, 2026",https://twitter.com/GameDayLines/status/2108222326579900584,oembed,False,False,"Forward lines from this morning:\nKeller - Schmaltz - Trocheck\nLee - Cooley - Guenther\nCrouse - Hayton - McBain\nCarcone - Stenlund - But/Yamamoto\nO’Brien\nDefensive pairings were all over the place.\n#TusksUp\n#NHLBruins\n— Cole Bagley (@BagleyKSLsports)\nOctober 8, 2026"
2026-10-08 15:51:31,2108222410780479937,@gablcarroll,"Oct 8, 2026",https://twitter.com/GameDayLines/status/2108222410780479937,oembed,False,False,"#Flyers\nare really shaking up the lines at morning skate in Ottawa:\nKonecny-Couturier-Martone\nZegras-Dvorak-Tippett\nFoerster-Barkey-Michkov\nBunting-Cates-Acciari\nSanheim-Drysdale\nYork-Jiříček\nSeeler-Benoït\nWoll\n— Gabriela Carroll (@gablcarroll)\nOctober 8, 2026"
2026-10-08 16:17:27,2108228743084773864,@gablcarroll,"Oct 8, 2026",https://twitter.com/GameDayLines/status/2108228743084773864,oembed,False,False,"#Flyers\npower play units at morning skate:\nJiříček-Zegras-Foerster-Michkov-Konecny\nDrysdale-Tippett-Martone-Barkey-Bunting\n— Gabriela Carroll (@gablcarroll)\nOctober 8, 2026"
2026-10-08 17:41:24,2108250924816703702,@SteinbergYYC,"Oct 8, 2026",https://twitter.com/GameDayLines/status/2108250924816703702,oembed,False,False,"#Flames\ntonight vs. Colorado:\nGridin-Frost-Coronato\nSharangovich-Backlund-Farabee\nHonzek-Pospisil-Strome\nSuniev-Castagna-Klapka\nBahl-Whitecloud\nKuznetsov-Nemec\nMiddleton-Parekh\nCooley\n— Pat Steinberg (@SteinbergYYC)\nOctober 8, 2026"
2026-10-08 18:22:25,2108260392246071443,@SinBinVegas,"Oct 8, 2026",https://twitter.com/GameDayLines/status/2108260392246071443,oembed,False,False,"Trevor Connelly has taken the spot on the top PP unit.\nStone\nEichel-Hertl-Connelly\nMarner\n— SinBin.vegas (@SinBinVegas)\nOctober 8, 2026"
2026-10-08 18:36:27,2108263872465686835,@davidalter,"Oct 8, 2026",https://twitter.com/GameDayLines/status/2108263872465686835,oembed,False,False,"Leafs lines during morning skate Oct 8/26\nMarchenko-Matthews-Roslovic\nCowan-Tavares-Nylander\nMcKenna-Paul-Sissons\nDuhaime-Blueger-Groulx\nExtra: McEwen\nMcCabe-Tanev\nRielly-Raddysh\nOEL-Stecher\nExtra: Blankenburg.\nBobrovsky\nStolarz\n@Ozoon_CA\npic.twitter.com/qOUy5sbn0n\n— David Alter (@davidalter)\nOctober 8, 2026"
2026-10-08 18:47:23,2108266581243654439,@davidalter,"Oct 8, 2026",https://twitter.com/GameDayLines/status/2108266581243654439,oembed,False,False,"Leafs PP Units Oct. 8/26\nRaddysh\nNylander-Marchenko-Matthews\nTavares\nRielly\nRoslovic-Paul-McKenna\nCowan\n@Ozoon_CA\npic.twitter.com/XbFAoBhBLh\n— David Alter (@davidalter)\nOctober 8, 2026"
2026-10-08 19:52:20,2108283444430286983,,"Oct 8, 2026",https://twitter.com/GameDayLines/status/2108283444430286983,oembed,False,False,"VGK: Barbashev-Eichel-Stone\nHowden-Karlsson-Marner\nConnelly-Hertl-Lavoie\nBowman-Dowd-Gatcomb\nMcNabb-Theodore\nWotherspoon-Andersson\nLauzon-Hanifin\nhttps://t.co/xs20rotW0z\n— Game Day Lines (@GameDayLines)\nOctober 8, 2026"
2026-10-08 22:42:39,2108326370011177442,@utahmammoth,"Oct 8, 2026",https://twitter.com/GameDayLines/status/2108326370011177442,oembed,False,True,"Almost go time. ⏰\npic.twitter.com/6rsuofyvxV\n— Utah Mammoth (@utahmammoth)\nOctober 8, 2026"
2026-10-08 22:42:39,2108326534352429473,@smclaughlin9,"Oct 8, 2026",https://twitter.com/GameDayLines/status/2108326534352429473,oembed,False,False,"Bruins lines in warmups:\nGeekie-Zacha-Pastrnak\nKhusnutdinov-Minten-Peterka\nMittelstadt-Lindholm-Hagens\nJeannot-Poitras-Kastelic\nLindholm-Borgen\nZadorov-Clifton\nBrunet-Lohrei\nSwayman\n— Scott McLaughlin (@smclaughlin9)\nOctober 8, 2026"
2026-10-08 22:42:39,2108326595840839817,@GraemeNichols,"Oct 8, 2026",https://twitter.com/GameDayLines/status/2108326595840839817,oembed,False,False,"Eklund-Stutzle-Batherson\nGreig-Cozens-Zetterlund\nAmadio-Pinto-Giroux\nFoegele-Halliday-Cousins\nChabot-Spence\nKleven-Yakemchuk\nMatinpalo-Stanley\nUllmark\n— Graeme Nichols (@GraemeNichols)\nOctober 8, 2026"
2026-10-08 22:42:39,2108326615789060409,@RyanHenkel_,"Oct 8, 2026",https://twitter.com/GameDayLines/status/2108326615789060409,oembed,False,False,"Canes vs. Canucks line rushes:\nSvechnikov-Aho-Carrier\nHall-Stankoven-Blake\nEhlers-Staal-Martinook\nRobinson-Jankowski-Kotkaniemi\nSlavin-Chatfield\nMiller-Walker\nGostisbehere-Reilly\nKochetkov\n— Ryan Henkel (@RyanHenkel_)\nOctober 8, 2026"
2026-10-08 22:42:39,2108326653613240455,@ThomasDrance,"Oct 8, 2026",https://twitter.com/GameDayLines/status/2108326653613240455,oembed,False,False,"#Canucks\nprojected lineup Thursday @ CAR based on line rushes in the warmup skate:\nDeBrusk-EP40-Lekkerimäki\nCotter-Rossi-Boeser\nÖhgren-Sasson-Karlsson\nBains-Räty-DOC\nBuium-Hronek\nOleksiak-Willander\nDPetey-Mancini\nLankinen\n— Thomas Drance (@ThomasDrance)\nOctober 8, 2026"
2026-10-08 22:42:39,2108326681475940526,@KieserNick,"Oct 8, 2026",https://twitter.com/GameDayLines/status/2108326681475940526,oembed,False,False,"#Preds\nlines @ Montreal\nStamkos - O’Reilly - Kerfoot\nForsberg - Wood - Hoglander\nSchaefer - Bourque - Marchessault\nColton - Drury - Edstrom\nHague - Josi\nSkjei - Perbix\nTrudeau - Wilsby\nSaros 🥅\nMurray\n— Nick Kieser🏒 (@KieserNick)\nOctober 8, 2026"
2026-10-08 22:42:39,2108326839387328828,@ArponBasu,"Oct 8, 2026",https://twitter.com/GameDayLines/status/2108326839387328828,oembed,False,False,"Martin St. Louis has gone back to old faithful:\nCaufield-Suzuki-Slafkovský\nKreider-Newhook-Anderson\nBolduc-Danault-Texier\nF. Xhekaj-Evans-Dach\nMatheson-Carrier\nHutson-Dobson\nA. Xhekaj-Engström\nFowler\nDobeš\n— Arpon Basu (@ArponBasu)\nOctober 8, 2026"
2026-10-08 22:46:25,2108327031440367843,@engelheather,"Oct 8, 2026",https://twitter.com/GameDayLines/status/2108327031440367843,oembed,False,False,"Sabres vs. Stars:\nKrebs-Kulich-Thompson\nBenson-Östlund-Quinn\nMcLeod-Norris-Helenius\nMalenstyn-Danforth-Doan\nDahlin-Samuelsson\nZellweger-Power\nMetsa-Crevier\nLuukkonen\nEllis\n— Heather Engel (@engelheather)\nOctober 8, 2026"
2026-10-08 22:46:25,2108327761165357179,@BenjaminJReport,"Oct 8, 2026",https://twitter.com/GameDayLines/status/2108327761165357179,oembed,False,False,"The\n#GoBolts\nwarmup lines unchanged as they go 11 & 7, Hildeby gets his first start ⬇️\nGoncalves-Point-Kucherov\nHagel-Cirelli-Guentzel\nMikheyev-Girgensons-Holmberg\nGeekie-Viel\nMoser-Carlson\nMcDonagh-Cernak\nHedman-Crozier\nD'Astous\n🥅: Hildeby\npic.twitter.com/dCq1UOlIDJ\n— Benjamin Pierce (@BenjaminJReport)\nOctober 8, 2026"
2026-10-08 22:52:25,2108328082813915241,@gablcarroll,"Oct 8, 2026",https://twitter.com/GameDayLines/status/2108328082813915241,oembed,False,False,"#Flyers\nlines in warmups in Ottawa:\nZegras-Dvorak-Tippett\nFoerster-Barkey-Michkov\nKonecny-Couturier-Martone\nBunting-Cates-Acciari\nSanheim-Drysdale\nYork-Jiříček\nSeeler-Benoit\nWoll\n— Gabriela Carroll (@gablcarroll)\nOctober 8, 2026"
2026-10-08 23:17:26,2108333221423530027,@stefen_rosner,"Oct 8, 2026",https://twitter.com/GameDayLines/status/2108333221423530027,oembed,False,False,"#Isles\nwarmup lines vs.\n#Blackhawks\n@bullsmithsli\n:\nHeineman-Horvat-Palmieri\nSchenn-Ritchie-Eklund\nHolmstrom-Pageau-Duclair\nPalat-Cizikas-Maccelli\nStanley-Schaefer\nPelech-Pulock\nDeAngelo-Mayfield\nSorokin\nVarlamov\n— Stefen Rosner (@stefen_rosner)\nOctober 8, 2026"
2026-10-08 23:17:26,2108334063392325733,@ByScottPowers,"Oct 8, 2026",https://twitter.com/GameDayLines/status/2108334063392325733,oembed,False,False,"Blackhawks lineup in warmups\nMoore-Nazar-Kane\nBertuzzi-Frondell-Kantserov\nDonato-Toninato-Lardis\nSmith-Greene-Greenway\nByram-Levshunov\nVlasic-Cole\nKaiser-Rinzel\nSöderblom\nKnight\n— Scott Powers (@ByScottPowers)\nOctober 8, 2026"
2026-10-08 23:37:22,2108339547973280247,@AndrewWilimek,"Oct 8, 2026",https://twitter.com/GameDayLines/status/2108339547973280247,oembed,False,False,"Sens PP1 tonight in absence of Eklund\nHalliday\nStützle-Cozens-Batherson\nChabot\n— Andrew Wilimek (@AndrewWilimek)\nOctober 8, 2026"
2026-10-08 23:37:22,2108340091987100081,@Erik_Erlendsson,"Oct 8, 2026",https://twitter.com/GameDayLines/status/2108340091987100081,oembed,False,False,"Second unit starts as Point line was on the ice\nD'Astous-Goncalves-Geekie-Cirelli-Holmberg\n— Lightning Insider (@Erik_Erlendsson)\nOctober 8, 2026"
2026-10-08 23:41:31,2108340470032273915,@Sheng_Peng,"Oct 8, 2026",https://twitter.com/GameDayLines/status/2108340470032273915,oembed,False,False,"#SJSharks\nlines tonight without Celebrini, Smith at center, Ned start:\nMarchment-Smith-Chernyshov\nStenberg-Wennberg-Sherwood\nGraf-Misa-Toffoli\nGoodrow-Ostapchuk-Dellandrea\nNurse-Kesselring\nDickinson-Trouba\nOrlov-Cagnoni\nNedeljkovic\n— Sheng Peng (@Sheng_Peng)\nOctober 8, 2026"
2026-10-08 23:41:31,2108340635069788502,@lkorac10,"Oct 8, 2026",https://twitter.com/GameDayLines/status/2108340635069788502,oembed,False,False,"#stlblues\nlineup vs.\n#sjsharks\n:\nHolloway-Thomas-Snuggerud\nMcMichael-McTavish-Berggren\nNeighbours-Dvorsky-Buchnevich\nDube-Suter-Johnston\nBroberg-Jiricek\nBarron-Parayko\nFowler-Carlo\nHofer\n— Lou Korac (@lkorac10)\nOctober 8, 2026"
2026-10-08 23:51:29,2108343751278260532,@stefen_rosner,"Oct 8, 2026",https://twitter.com/GameDayLines/status/2108343751278260532,oembed,False,False,"#Isles\nPP1:\nSchaefer-Ritchie-Schenn-Horvat-Palmieri\n— Stefen Rosner (@stefen_rosner)\nOctober 8, 2026"
2026-10-09 00:27:22,2108352316487430266,@RussoHockey,"Oct 8, 2026",https://twitter.com/GameDayLines/status/2108352316487430266,oembed,False,False,"Kaprizov-Ek-Boldy\nColeman-Hartman-Shabanov\nHartman draws the Wild's first power play\n— Michael Russo (@RussoHockey)\nOctober 9, 2026"
2026-10-09 00:36:27,2108355007091519834,@Sheng_Peng,"Oct 8, 2026",https://twitter.com/GameDayLines/status/2108355007091519834,oembed,False,False,"PP1: Cagnoni-Stenberg-Smith-Chernyshov-Wennberg\n— Sheng Peng (@Sheng_Peng)\nOctober 9, 2026"
2026-10-09 00:41:24,2108356539874734303,@RyanNPike,"Oct 8, 2026",https://twitter.com/GameDayLines/status/2108356539874734303,oembed,False,False,"#Flames\nin warm-up in the order they skated:\nGridin-Frost-Coronato\nSharangovich-Backlund-Farabee\nHonzek-Pospisil-Strome\nSuniev-Castagna-Klapka\nBahl-Whitecloud\nKuznetsov-Nemec\nMiddleton-Parekh\nCooley\nWolf\n— Ryan Pike (@RyanNPike)\nOctober 9, 2026"
2026-10-09 00:56:31,2108360021012844837,@ByScottPowers,"Oct 8, 2026",https://twitter.com/GameDayLines/status/2108360021012844837,oembed,False,False,"Lardis joins Nazar and Kane on a line.\n— Scott Powers (@ByScottPowers)\nOctober 9, 2026"
